lat,lng,fai,date
-39.20578,-72.07603,0.0,2026-08-22
-39.20578,-72.0726,0.0,2026-08-22
-39.20868,-72.18904,-0.00037,2026-08-22
-39.20868,-72.18562,-6e-05,2026-08-22
-39.20868,-72.18219,-9e-05,2026-08-22
-39.20868,-72.17877,0.0,2026-08-22
-39.20868,-72.17534,-7e-05,2026-08-22
-39.20868,-72.17192,0.0,2026-08-22
-39.20868,-72.16849,-0.00021,2026-08-22
-39.20868,-72.16507,-9e-05,2026-08-22
-39.20868,-72.16164,0.0,2026-08-22
-39.20868,-72.15822,0.0,2026-08-22
-39.20868,-72.15479,0.0,2026-08-22
-39.20868,-72.15137,0.0,2026-08-22
-39.20868,-72.14795,0.0,2026-08-22
-39.20868,-72.14452,-0.00052,2026-08-22
-39.20868,-72.08973,-0.00082,2026-08-22
-39.20868,-72.0863,0.0,2026-08-22
-39.20868,-72.08288,-2e-05,2026-08-22
-39.20868,-72.07945,-0.00011,2026-08-22
-39.20868,-72.07603,0.0,2026-08-22
-39.20868,-72.0726,0.0,2026-08-22
-39.20868,-72.06918,0.0,2026-08-22
-39.20868,-72.06575,0.0,2026-08-22
-39.21157,-72.18904,0.0,2026-08-22
-39.21157,-72.18562,-0.00015,2026-08-22
-39.21157,-72.18219,0.0,2026-08-22
-39.21157,-72.17877,-4e-05,2026-08-22
-39.21157,-72.17534,0.0,2026-08-22
-39.21157,-72.17192,0.0,2026-08-22
-39.21157,-72.16849,0.0,2026-08-22
-39.21157,-72.16507,0.0,2026-08-22
-39.21157,-72.16164,0.0,2026-08-22
-39.21157,-72.15822,0.0,2026-08-22
-39.21157,-72.15479,0.0,2026-08-22
-39.21157,-72.15137,0.0,2026-08-22
-39.21157,-72.14795,0.0,2026-08-22
-39.21157,-72.14452,-4e-05,2026-08-22
-39.21157,-72.1411,0.0,2026-08-22
-39.21157,-72.13767,-0.00034,2026-08-22
-39.21157,-72.09315,0.0,2026-08-22
-39.21157,-72.08973,-9e-05,2026-08-22
-39.21157,-72.0863,0.0,2026-08-22
-39.21157,-72.08288,0.0,2026-08-22
-39.21157,-72.07945,0.0,2026-08-22
-39.21157,-72.07603,0.0,2026-08-22
-39.21157,-72.0726,0.0,2026-08-22
-39.21157,-72.06918,0.0,2026-08-22
-39.21157,-72.06575,0.0,2026-08-22
-39.21157,-72.06233,-0.00165,2026-08-22
-39.21446,-72.18904,-0.00241,2026-08-22
-39.21446,-72.18562,-0.00015,2026-08-22
-39.21446,-72.18219,0.0,2026-08-22
-39.21446,-72.17877,0.0,2026-08-22
-39.21446,-72.17534,-7e-05,2026-08-22
-39.21446,-72.17192,0.0,2026-08-22
-39.21446,-72.16849,0.0,2026-08-22
-39.21446,-72.16507,0.0,2026-08-22
-39.21446,-72.16164,0.0,2026-08-22
-39.21446,-72.15822,0.0,2026-08-22
-39.21446,-72.15479,0.0,2026-08-22
-39.21446,-72.15137,0.0,2026-08-22
-39.21446,-72.14795,0.0,2026-08-22
-39.21446,-72.14452,0.0,2026-08-22
-39.21446,-72.1411,0.0,2026-08-22
-39.21446,-72.13767,0.0,2026-08-22
-39.21446,-72.13425,0.0,2026-08-22
-39.21446,-72.13082,0.0,2026-08-22
-39.21446,-72.1274,0.0,2026-08-22
-39.21446,-72.12397,-2e-05,2026-08-22
-39.21446,-72.1,-0.00015,2026-08-22
-39.21446,-72.09658,-6e-05,2026-08-22
-39.21446,-72.09315,0.0,2026-08-22
-39.21446,-72.08973,0.0,2026-08-22
-39.21446,-72.0863,0.0,2026-08-22
-39.21446,-72.08288,0.0,2026-08-22
-39.21446,-72.07945,0.0,2026-08-22
-39.21446,-72.07603,0.0,2026-08-22
-39.21446,-72.0726,0.0,2026-08-22
-39.21446,-72.06918,0.0,2026-08-22
-39.21446,-72.06575,0.0,2026-08-22
-39.21446,-72.06233,0.0,2026-08-22
-39.21446,-72.0589,0.0,2026-08-22
-39.21446,-72.05548,0.03117,2026-08-22
-39.21735,-72.20959,-0.00039,2026-08-22
-39.21735,-72.18219,0.0,2026-08-22
-39.21735,-72.17877,-9e-05,2026-08-22
-39.21735,-72.17534,0.0,2026-08-22
-39.21735,-72.17192,0.0009,2026-08-22
-39.21735,-72.16849,0.0,2026-08-22
-39.21735,-72.16507,0.0013,2026-08-22
-39.21735,-72.16164,0.0,2026-08-22
-39.21735,-72.15822,0.0,2026-08-22
-39.21735,-72.15479,0.0007,2026-08-22
-39.21735,-72.15137,-7e-05,2026-08-22
-39.21735,-72.14795,0.0,2026-08-22
-39.21735,-72.14452,0.0,2026-08-22
-39.21735,-72.1411,0.0,2026-08-22
-39.21735,-72.13767,-9e-05,2026-08-22
-39.21735,-72.13425,0.0,2026-08-22
-39.21735,-72.13082,0.0,2026-08-22
-39.21735,-72.1274,0.0,2026-08-22
-39.21735,-72.12397,0.0,2026-08-22
-39.21735,-72.12055,0.0,2026-08-22
-39.21735,-72.11712,0.0,2026-08-22
-39.21735,-72.1137,0.0,2026-08-22
-39.21735,-72.11027,-0.00044,2026-08-22
-39.21735,-72.10685,-0.00015,2026-08-22
-39.21735,-72.10342,0.0,2026-08-22
-39.21735,-72.1,0.0,2026-08-22
-39.21735,-72.09658,0.0,2026-08-22
-39.21735,-72.09315,0.0,2026-08-22
-39.21735,-72.08973,-2e-05,2026-08-22
-39.21735,-72.0863,-4e-05,2026-08-22
-39.21735,-72.08288,0.0,2026-08-22
-39.21735,-72.07945,0.0,2026-08-22
-39.21735,-72.07603,0.0,2026-08-22
-39.21735,-72.0726,0.00093,2026-08-22
-39.21735,-72.06918,0.0,2026-08-22
-39.21735,-72.06575,0.0,2026-08-22
-39.21735,-72.06233,0.0,2026-08-22
-39.21735,-72.0589,0.0,2026-08-22
-39.21735,-72.05548,-4e-05,2026-08-22
-39.21735,-72.05205,0.0,2026-08-22
-39.21735,-72.04863,0.0,2026-08-22
-39.21735,-72.04521,-2e-05,2026-08-22
-39.21735,-72.04178,0.0,2026-08-22
-39.22024,-72.20959,-0.00032,2026-08-22
-39.22024,-72.20616,-0.00249,2026-08-22
-39.22024,-72.18562,0.0017,2026-08-22
-39.22024,-72.18219,0.0,2026-08-22
-39.22024,-72.17877,0.0,2026-08-22
-39.22024,-72.17534,0.00151,2026-08-22
-39.22024,-72.17192,0.0002,2026-08-22
-39.22024,-72.16849,0.0,2026-08-22
-39.22024,-72.16507,0.0,2026-08-22
-39.22024,-72.16164,0.0,2026-08-22
-39.22024,-72.15822,0.0,2026-08-22
-39.22024,-72.15479,-9e-05,2026-08-22
-39.22024,-72.15137,0.0,2026-08-22
-39.22024,-72.14795,-7e-05,2026-08-22
-39.22024,-72.14452,8e-05,2026-08-22
-39.22024,-72.1411,0.00011,2026-08-22
-39.22024,-72.13767,-2e-05,2026-08-22
-39.22024,-72.13425,0.0,2026-08-22
-39.22024,-72.13082,0.0,2026-08-22
-39.22024,-72.1274,0.0,2026-08-22
-39.22024,-72.12397,0.0,2026-08-22
-39.22024,-72.12055,0.0,2026-08-22
-39.22024,-72.11712,0.0,2026-08-22
-39.22024,-72.1137,-2e-05,2026-08-22
-39.22024,-72.11027,0.0,2026-08-22
-39.22024,-72.10685,-2e-05,2026-08-22
-39.22024,-72.10342,0.0,2026-08-22
-39.22024,-72.1,0.0,2026-08-22
-39.22024,-72.09658,0.0,2026-08-22
-39.22024,-72.09315,0.0,2026-08-22
-39.22024,-72.08973,0.0,2026-08-22
-39.22024,-72.0863,0.0,2026-08-22
-39.22024,-72.08288,0.0,2026-08-22
-39.22024,-72.07945,-7e-05,2026-08-22
-39.22024,-72.07603,0.0,2026-08-22
-39.22024,-72.0726,0.0,2026-08-22
-39.22024,-72.06918,0.0002,2026-08-22
-39.22024,-72.06575,0.0,2026-08-22
-39.22024,-72.06233,0.0,2026-08-22
-39.22024,-72.0589,0.0,2026-08-22
-39.22024,-72.05548,0.0,2026-08-22
-39.22024,-72.05205,0.0,2026-08-22
-39.22024,-72.04863,0.0,2026-08-22
-39.22024,-72.04521,0.0,2026-08-22
-39.22024,-72.04178,0.0,2026-08-22
-39.22024,-72.03836,0.0,2026-08-22
-39.22024,-72.03493,-0.00013,2026-08-22
-39.22314,-72.18562,0.0,2026-08-22
-39.22314,-72.18219,-6e-05,2026-08-22
-39.22314,-72.17877,0.0,2026-08-22
-39.22314,-72.17534,0.0016,2026-08-22
-39.22314,-72.17192,0.0,2026-08-22
-39.22314,-72.16849,0.0,2026-08-22
-39.22314,-72.16507,0.0,2026-08-22
-39.22314,-72.16164,0.0,2026-08-22
-39.22314,-72.15822,0.0,2026-08-22
-39.22314,-72.15479,0.0,2026-08-22
-39.22314,-72.15137,-0.00019,2026-08-22
-39.22314,-72.14795,0.0,2026-08-22
-39.22314,-72.14452,0.0,2026-08-22
-39.22314,-72.1411,0.0001,2026-08-22
-39.22314,-72.13767,0.0,2026-08-22
-39.22314,-72.13425,0.0,2026-08-22
-39.22314,-72.13082,0.0,2026-08-22
-39.22314,-72.1274,0.0,2026-08-22
-39.22314,-72.12397,-4e-05,2026-08-22
-39.22314,-72.12055,-7e-05,2026-08-22
-39.22314,-72.11712,0.0002,2026-08-22
-39.22314,-72.1137,0.0,2026-08-22
-39.22314,-72.11027,0.0,2026-08-22
-39.22314,-72.10685,0.0,2026-08-22
-39.22314,-72.10342,0.0,2026-08-22
-39.22314,-72.1,0.0,2026-08-22
-39.22314,-72.09658,0.0,2026-08-22
-39.22314,-72.09315,0.0007,2026-08-22
-39.22314,-72.08973,0.0,2026-08-22
-39.22314,-72.0863,0.0,2026-08-22
-39.22314,-72.08288,0.0,2026-08-22
-39.22314,-72.07945,0.0,2026-08-22
-39.22314,-72.07603,0.00013,2026-08-22
-39.22314,-72.0726,0.0,2026-08-22
-39.22314,-72.06918,0.0,2026-08-22
-39.22314,-72.06575,0.0,2026-08-22
-39.22314,-72.06233,0.0,2026-08-22
-39.22314,-72.0589,0.0,2026-08-22
-39.22314,-72.05548,0.0,2026-08-22
-39.22314,-72.05205,0.0,2026-08-22
-39.22314,-72.04863,0.0,2026-08-22
-39.22314,-72.04521,0.0,2026-08-22
-39.22314,-72.04178,0.0,2026-08-22
-39.22314,-72.03836,0.0,2026-08-22
-39.22314,-72.03493,0.0,2026-08-22
-39.22314,-72.03151,0.0,2026-08-22
-39.22314,-72.02808,0.0,2026-08-22
-39.22314,-72.02466,0.0,2026-08-22
-39.22314,-72.02123,-0.00011,2026-08-22
-39.22314,-72.01781,-0.00021,2026-08-22
-39.22603,-72.18562,0.0,2026-08-22
-39.22603,-72.18219,0.0,2026-08-22
-39.22603,-72.17877,-7e-05,2026-08-22
-39.22603,-72.17534,0.0,2026-08-22
-39.22603,-72.17192,0.0004,2026-08-22
-39.22603,-72.16849,0.0,2026-08-22
-39.22603,-72.16507,0.00078,2026-08-22
-39.22603,-72.16164,0.0,2026-08-22
-39.22603,-72.15822,0.0,2026-08-22
-39.22603,-72.15479,0.0,2026-08-22
-39.22603,-72.15137,0.0,2026-08-22
-39.22603,-72.14795,0.0,2026-08-22
-39.22603,-72.14452,0.0,2026-08-22
-39.22603,-72.1411,0.0,2026-08-22
-39.22603,-72.13767,4e-05,2026-08-22
-39.22603,-72.13425,0.0,2026-08-22
-39.22603,-72.13082,0.0001,2026-08-22
-39.22603,-72.1274,0.0,2026-08-22
-39.22603,-72.12397,0.0,2026-08-22
-39.22603,-72.12055,0.0,2026-08-22
-39.22603,-72.11712,0.0008,2026-08-22
-39.22603,-72.1137,0.0,2026-08-22
-39.22603,-72.11027,0.0,2026-08-22
-39.22603,-72.10685,0.0001,2026-08-22
-39.22603,-72.10342,0.0004,2026-08-22
-39.22603,-72.1,-9e-05,2026-08-22
-39.22603,-72.09658,0.0,2026-08-22
-39.22603,-72.09315,0.0,2026-08-22
-39.22603,-72.08973,-7e-05,2026-08-22
-39.22603,-72.0863,0.0,2026-08-22
-39.22603,-72.08288,0.0,2026-08-22
-39.22603,-72.07945,0.0,2026-08-22
-39.22603,-72.07603,0.0005,2026-08-22
-39.22603,-72.0726,0.0,2026-08-22
-39.22603,-72.06918,0.0,2026-08-22
-39.22603,-72.06575,0.0,2026-08-22
-39.22603,-72.06233,0.0002,2026-08-22
-39.22603,-72.0589,-7e-05,2026-08-22
-39.22603,-72.05548,0.0007,2026-08-22
-39.22603,-72.05205,0.0,2026-08-22
-39.22603,-72.04863,0.0,2026-08-22
-39.22603,-72.04521,0.0001,2026-08-22
-39.22603,-72.04178,0.0,2026-08-22
-39.22603,-72.03836,-9e-05,2026-08-22
-39.22603,-72.03493,0.0,2026-08-22
-39.22603,-72.03151,0.0,2026-08-22
-39.22603,-72.02808,0.0,2026-08-22
-39.22603,-72.02466,0.0,2026-08-22
-39.22603,-72.02123,0.0,2026-08-22
-39.22603,-72.01781,0.0,2026-08-22
-39.22603,-72.01438,0.0,2026-08-22
-39.22603,-72.01096,0.0,2026-08-22
-39.22603,-72.00753,0.0,2026-08-22
-39.22892,-72.18904,-0.00013,2026-08-22
-39.22892,-72.18562,0.0,2026-08-22
-39.22892,-72.18219,-4e-05,2026-08-22
-39.22892,-72.17877,0.0001,2026-08-22
-39.22892,-72.17534,0.0,2026-08-22
-39.22892,-72.17192,-2e-05,2026-08-22
-39.22892,-72.16849,0.0006,2026-08-22
-39.22892,-72.16507,0.0,2026-08-22
-39.22892,-72.16164,0.0,2026-08-22
-39.22892,-72.15822,0.0007,2026-08-22
-39.22892,-72.15479,0.0,2026-08-22
-39.22892,-72.15137,0.0,2026-08-22
-39.22892,-72.14795,-4e-05,2026-08-22
-39.22892,-72.14452,0.0,2026-08-22
-39.22892,-72.1411,0.0,2026-08-22
-39.22892,-72.13767,0.0,2026-08-22
-39.22892,-72.13425,0.0,2026-08-22
-39.22892,-72.13082,0.0002,2026-08-22
-39.22892,-72.1274,0.0,2026-08-22
-39.22892,-72.12397,0.0,2026-08-22
-39.22892,-72.12055,0.0,2026-08-22
-39.22892,-72.11712,0.0,2026-08-22
-39.22892,-72.1137,-7e-05,2026-08-22
-39.22892,-72.11027,0.0,2026-08-22
-39.22892,-72.10685,-9e-05,2026-08-22
-39.22892,-72.10342,0.0,2026-08-22
-39.22892,-72.1,0.0003,2026-08-22
-39.22892,-72.09658,0.0,2026-08-22
-39.22892,-72.09315,-6e-05,2026-08-22
-39.22892,-72.08973,0.0003,2026-08-22
-39.22892,-72.0863,-4e-05,2026-08-22
-39.22892,-72.08288,0.0,2026-08-22
-39.22892,-72.07945,0.0002,2026-08-22
-39.22892,-72.07603,0.0,2026-08-22
-39.22892,-72.0726,-7e-05,2026-08-22
-39.22892,-72.06918,0.00013,2026-08-22
-39.22892,-72.06575,0.0,2026-08-22
-39.22892,-72.06233,0.0,2026-08-22
-39.22892,-72.0589,0.0,2026-08-22
-39.22892,-72.05548,0.0,2026-08-22
-39.22892,-72.05205,0.0,2026-08-22
-39.22892,-72.04863,0.0,2026-08-22
-39.22892,-72.04521,0.0,2026-08-22
-39.22892,-72.04178,0.0,2026-08-22
-39.22892,-72.03836,0.0,2026-08-22
-39.22892,-72.03493,0.0,2026-08-22
-39.22892,-72.03151,0.0,2026-08-22
-39.22892,-72.02808,0.0,2026-08-22
-39.22892,-72.02466,0.0,2026-08-22
-39.22892,-72.02123,-7e-05,2026-08-22
-39.22892,-72.01781,0.0,2026-08-22
-39.22892,-72.01438,0.0,2026-08-22
-39.22892,-72.01096,0.0,2026-08-22
-39.22892,-72.00753,0.0,2026-08-22
-39.22892,-72.00411,0.0,2026-08-22
-39.22892,-72.00068,0.0,2026-08-22
-39.22892,-71.99726,-0.00036,2026-08-22
-39.22892,-71.99384,-0.00212,2026-08-22
-39.23181,-72.18904,-4e-05,2026-08-22
-39.23181,-72.18562,0.0,2026-08-22
-39.23181,-72.18219,0.0,2026-08-22
-39.23181,-72.17877,0.0,2026-08-22
-39.23181,-72.17534,0.0,2026-08-22
-39.23181,-72.17192,0.001,2026-08-22
-39.23181,-72.16849,0.0,2026-08-22
-39.23181,-72.16507,0.0003,2026-08-22
-39.23181,-72.16164,0.0,2026-08-22
-39.23181,-72.15822,0.0,2026-08-22
-39.23181,-72.15479,0.0,2026-08-22
-39.23181,-72.15137,0.0,2026-08-22
-39.23181,-72.14795,0.0004,2026-08-22
-39.23181,-72.14452,0.0,2026-08-22
-39.23181,-72.1411,0.0001,2026-08-22
-39.23181,-72.13767,0.0,2026-08-22
-39.23181,-72.13425,0.0,2026-08-22
-39.23181,-72.13082,0.0,2026-08-22
-39.23181,-72.1274,0.0,2026-08-22
-39.23181,-72.12397,0.00031,2026-08-22
-39.23181,-72.12055,0.0,2026-08-22
-39.23181,-72.11712,0.0,2026-08-22
-39.23181,-72.1137,0.0,2026-08-22
-39.23181,-72.11027,-6e-05,2026-08-22
-39.23181,-72.10685,0.0,2026-08-22
-39.23181,-72.10342,-0.00021,2026-08-22
-39.23181,-72.1,0.0,2026-08-22
-39.23181,-72.09658,0.0,2026-08-22
-39.23181,-72.09315,0.0,2026-08-22
-39.23181,-72.08973,0.0,2026-08-22
-39.23181,-72.0863,0.0,2026-08-22
-39.23181,-72.08288,0.0,2026-08-22
-39.23181,-72.07945,0.0,2026-08-22
-39.23181,-72.07603,0.0,2026-08-22
-39.23181,-72.0726,0.0001,2026-08-22
-39.23181,-72.06918,0.00034,2026-08-22
-39.23181,-72.06575,0.0,2026-08-22
-39.23181,-72.06233,0.0,2026-08-22
-39.23181,-72.0589,0.0,2026-08-22
-39.23181,-72.05548,0.0,2026-08-22
-39.23181,-72.05205,-9e-05,2026-08-22
-39.23181,-72.04863,0.0,2026-08-22
-39.23181,-72.04521,0.0,2026-08-22
-39.23181,-72.04178,-9e-05,2026-08-22
-39.23181,-72.03836,0.0,2026-08-22
-39.23181,-72.03493,0.0,2026-08-22
-39.23181,-72.03151,0.0,2026-08-22
-39.23181,-72.02808,0.0,2026-08-22
-39.23181,-72.02466,0.0,2026-08-22
-39.23181,-72.02123,0.0,2026-08-22
-39.23181,-72.01781,0.0,2026-08-22
-39.23181,-72.01438,0.0,2026-08-22
-39.23181,-72.01096,0.0,2026-08-22
-39.23181,-72.00753,-6e-05,2026-08-22
-39.23181,-72.00411,0.0,2026-08-22
-39.23181,-72.00068,0.0,2026-08-22
-39.23181,-71.99726,0.0,2026-08-22
-39.23181,-71.99384,0.0,2026-08-22
-39.23181,-71.99041,0.0,2026-08-22
-39.23181,-71.98699,0.0,2026-08-22
-39.23181,-71.98356,0.0,2026-08-22
-39.23181,-71.98014,-9e-05,2026-08-22
-39.23181,-71.97671,-6e-05,2026-08-22
-39.23181,-71.97329,0.0,2026-08-22
-39.2347,-72.18904,-0.00013,2026-08-22
-39.2347,-72.18562,0.0,2026-08-22
-39.2347,-72.18219,0.0,2026-08-22
-39.2347,-72.17877,0.0,2026-08-22
-39.2347,-72.17534,0.0,2026-08-22
-39.2347,-72.17192,0.0,2026-08-22
-39.2347,-72.16849,0.0,2026-08-22
-39.2347,-72.16507,0.0002,2026-08-22
-39.2347,-72.16164,0.0,2026-08-22
-39.2347,-72.15822,0.0004,2026-08-22
-39.2347,-72.15479,-2e-05,2026-08-22
-39.2347,-72.15137,0.0,2026-08-22
-39.2347,-72.14795,0.0,2026-08-22
-39.2347,-72.14452,0.0,2026-08-22
-39.2347,-72.1411,0.0,2026-08-22
-39.2347,-72.13767,0.0,2026-08-22
-39.2347,-72.13425,0.0,2026-08-22
-39.2347,-72.13082,-2e-05,2026-08-22
-39.2347,-72.1274,-4e-05,2026-08-22
-39.2347,-72.12397,0.0,2026-08-22
-39.2347,-72.12055,0.0,2026-08-22
-39.2347,-72.11712,0.0,2026-08-22
-39.2347,-72.1137,0.0,2026-08-22
-39.2347,-72.11027,0.0,2026-08-22
-39.2347,-72.10685,0.0,2026-08-22
-39.2347,-72.10342,0.0,2026-08-22
-39.2347,-72.1,0.0,2026-08-22
-39.2347,-72.09658,0.0,2026-08-22
-39.2347,-72.09315,0.0,2026-08-22
-39.2347,-72.08973,0.0,2026-08-22
-39.2347,-72.0863,0.0,2026-08-22
-39.2347,-72.08288,-7e-05,2026-08-22
-39.2347,-72.07945,0.0,2026-08-22
-39.2347,-72.07603,0.0,2026-08-22
-39.2347,-72.0726,0.0001,2026-08-22
-39.2347,-72.06918,0.0,2026-08-22
-39.2347,-72.06575,0.0004,2026-08-22
-39.2347,-72.06233,0.0001,2026-08-22
-39.2347,-72.0589,0.0,2026-08-22
-39.2347,-72.05548,0.0,2026-08-22
-39.2347,-72.05205,0.0,2026-08-22
-39.2347,-72.04863,0.0,2026-08-22
-39.2347,-72.04521,-9e-05,2026-08-22
-39.2347,-72.04178,-2e-05,2026-08-22
-39.2347,-72.03836,-2e-05,2026-08-22
-39.2347,-72.03493,0.0,2026-08-22
-39.2347,-72.03151,-6e-05,2026-08-22
-39.2347,-72.02808,-2e-05,2026-08-22
-39.2347,-72.02466,0.0,2026-08-22
-39.2347,-72.02123,-4e-05,2026-08-22
-39.2347,-72.01781,0.0,2026-08-22
-39.2347,-72.01438,0.0,2026-08-22
-39.2347,-72.01096,0.0,2026-08-22
-39.2347,-72.00753,0.0,2026-08-22
-39.2347,-72.00411,0.0,2026-08-22
-39.2347,-72.00068,0.0,2026-08-22
-39.2347,-71.99726,-6e-05,2026-08-22
-39.2347,-71.99384,0.0,2026-08-22
-39.2347,-71.99041,-2e-05,2026-08-22
-39.2347,-71.98699,0.0,2026-08-22
-39.2347,-71.98356,0.0,2026-08-22
-39.2347,-71.98014,0.0,2026-08-22
-39.2347,-71.97671,0.0,2026-08-22
-39.2347,-71.97329,0.0,2026-08-22
-39.2347,-71.96986,0.0,2026-08-22
-39.2347,-71.96644,-0.00131,2026-08-22
-39.2376,-72.18904,-0.00017,2026-08-22
-39.2376,-72.18562,0.0,2026-08-22
-39.2376,-72.18219,0.0,2026-08-22
-39.2376,-72.17877,-2e-05,2026-08-22
-39.2376,-72.17534,-0.00013,2026-08-22
-39.2376,-72.17192,0.0007,2026-08-22
-39.2376,-72.16849,0.0003,2026-08-22
-39.2376,-72.16507,0.0,2026-08-22
-39.2376,-72.16164,0.0006,2026-08-22
-39.2376,-72.15822,0.0,2026-08-22
-39.2376,-72.15479,0.0,2026-08-22
-39.2376,-72.15137,0.0,2026-08-22
-39.2376,-72.14795,0.0006,2026-08-22
-39.2376,-72.14452,0.0,2026-08-22
-39.2376,-72.1411,-9e-05,2026-08-22
-39.2376,-72.13767,0.0,2026-08-22
-39.2376,-72.13425,0.0,2026-08-22
-39.2376,-72.13082,0.0,2026-08-22
-39.2376,-72.1274,0.001,2026-08-22
-39.2376,-72.12397,0.0,2026-08-22
-39.2376,-72.12055,0.001,2026-08-22
-39.2376,-72.11712,0.0003,2026-08-22
-39.2376,-72.1137,0.0,2026-08-22
-39.2376,-72.11027,0.0001,2026-08-22
-39.2376,-72.10685,0.0,2026-08-22
-39.2376,-72.10342,-6e-05,2026-08-22
-39.2376,-72.1,0.0,2026-08-22
-39.2376,-72.09658,0.0,2026-08-22
-39.2376,-72.09315,-4e-05,2026-08-22
-39.2376,-72.08973,0.0,2026-08-22
-39.2376,-72.0863,0.0,2026-08-22
-39.2376,-72.08288,0.0,2026-08-22
-39.2376,-72.07945,0.0,2026-08-22
-39.2376,-72.07603,0.0,2026-08-22
-39.2376,-72.0726,0.0,2026-08-22
-39.2376,-72.06918,-2e-05,2026-08-22
-39.2376,-72.06575,-7e-05,2026-08-22
-39.2376,-72.06233,0.0,2026-08-22
-39.2376,-72.0589,0.0,2026-08-22
-39.2376,-72.05548,0.0,2026-08-22
-39.2376,-72.05205,0.0,2026-08-22
-39.2376,-72.04863,0.0,2026-08-22
-39.2376,-72.04521,-4e-05,2026-08-22
-39.2376,-72.04178,0.0,2026-08-22
-39.2376,-72.03836,-6e-05,2026-08-22
-39.2376,-72.03493,-9e-05,2026-08-22
-39.2376,-72.03151,0.0,2026-08-22
-39.2376,-72.02808,0.0,2026-08-22
-39.2376,-72.02466,0.0,2026-08-22
-39.2376,-72.02123,0.0,2026-08-22
-39.2376,-72.01781,0.0,2026-08-22
-39.2376,-72.01438,-9e-05,2026-08-22
-39.2376,-72.01096,0.0,2026-08-22
-39.2376,-72.00753,0.0,2026-08-22
-39.2376,-72.00411,0.0,2026-08-22
-39.2376,-72.00068,0.0,2026-08-22
-39.2376,-71.99726,0.0,2026-08-22
-39.2376,-71.99384,0.0,2026-08-22
-39.2376,-71.99041,0.0,2026-08-22
-39.2376,-71.98699,0.0,2026-08-22
-39.2376,-71.98356,0.0,2026-08-22
-39.2376,-71.98014,0.0,2026-08-22
-39.2376,-71.97671,0.0,2026-08-22
-39.2376,-71.97329,0.0,2026-08-22
-39.2376,-71.96986,0.0,2026-08-22
-39.2376,-71.96644,-0.00165,2026-08-22
-39.2376,-71.96301,0.02086,2026-08-22
-39.24049,-72.19247,-9e-05,2026-08-22
-39.24049,-72.18904,0.0,2026-08-22
-39.24049,-72.18562,0.0,2026-08-22
-39.24049,-72.18219,0.0,2026-08-22
-39.24049,-72.17877,0.0,2026-08-22
-39.24049,-72.17534,0.0002,2026-08-22
-39.24049,-72.17192,0.0,2026-08-22
-39.24049,-72.16849,0.00048,2026-08-22
-39.24049,-72.16507,0.0,2026-08-22
-39.24049,-72.16164,0.0,2026-08-22
-39.24049,-72.15822,0.0,2026-08-22
-39.24049,-72.15479,0.0,2026-08-22
-39.24049,-72.15137,0.0,2026-08-22
-39.24049,-72.14795,0.0,2026-08-22
-39.24049,-72.14452,0.0,2026-08-22
-39.24049,-72.1411,0.0,2026-08-22
-39.24049,-72.13767,0.0,2026-08-22
-39.24049,-72.13425,0.0,2026-08-22
-39.24049,-72.13082,-2e-05,2026-08-22
-39.24049,-72.1274,0.0,2026-08-22
-39.24049,-72.12397,0.0,2026-08-22
-39.24049,-72.12055,0.0,2026-08-22
-39.24049,-72.11712,0.0,2026-08-22
-39.24049,-72.1137,0.0003,2026-08-22
-39.24049,-72.11027,0.0,2026-08-22
-39.24049,-72.10685,0.0,2026-08-22
-39.24049,-72.10342,-4e-05,2026-08-22
-39.24049,-72.1,-7e-05,2026-08-22
-39.24049,-72.09658,0.0,2026-08-22
-39.24049,-72.09315,0.0,2026-08-22
-39.24049,-72.08973,0.0,2026-08-22
-39.24049,-72.0863,-4e-05,2026-08-22
-39.24049,-72.08288,0.0,2026-08-22
-39.24049,-72.07945,0.001,2026-08-22
-39.24049,-72.07603,0.0,2026-08-22
-39.24049,-72.0726,0.0,2026-08-22
-39.24049,-72.06918,-6e-05,2026-08-22
-39.24049,-72.06575,0.0,2026-08-22
-39.24049,-72.06233,0.0,2026-08-22
-39.24049,-72.0589,0.0,2026-08-22
-39.24049,-72.05548,-4e-05,2026-08-22
-39.24049,-72.05205,-4e-05,2026-08-22
-39.24049,-72.04863,0.0,2026-08-22
-39.24049,-72.04521,0.0,2026-08-22
-39.24049,-72.04178,-7e-05,2026-08-22
-39.24049,-72.03836,0.00241,2026-08-22
-39.24049,-72.03493,0.0,2026-08-22
-39.24049,-72.03151,0.0006,2026-08-22
-39.24049,-72.02808,0.0,2026-08-22
-39.24049,-72.02466,0.00128,2026-08-22
-39.24049,-72.02123,0.0,2026-08-22
-39.24049,-72.01781,0.0,2026-08-22
-39.24049,-72.01438,0.0,2026-08-22
-39.24049,-72.01096,0.0,2026-08-22
-39.24049,-72.00753,0.0,2026-08-22
-39.24049,-72.00411,0.0,2026-08-22
-39.24049,-72.00068,0.0,2026-08-22
-39.24049,-71.99726,0.0,2026-08-22
-39.24049,-71.99384,0.0,2026-08-22
-39.24049,-71.99041,0.0,2026-08-22
-39.24049,-71.98699,0.0,2026-08-22
-39.24049,-71.98356,0.0,2026-08-22
-39.24049,-71.98014,0.0,2026-08-22
-39.24049,-71.97671,0.0,2026-08-22
-39.24049,-71.97329,0.0,2026-08-22
-39.24049,-71.96986,0.0,2026-08-22
-39.24049,-71.96644,0.00743,2026-08-22
-39.24338,-72.19247,-2e-05,2026-08-22
-39.24338,-72.18904,-9e-05,2026-08-22
-39.24338,-72.18562,-6e-05,2026-08-22
-39.24338,-72.18219,0.0,2026-08-22
-39.24338,-72.17877,0.00013,2026-08-22
-39.24338,-72.17534,0.0003,2026-08-22
-39.24338,-72.17192,0.0,2026-08-22
-39.24338,-72.16849,0.0009,2026-08-22
-39.24338,-72.16507,0.0003,2026-08-22
-39.24338,-72.16164,0.0,2026-08-22
-39.24338,-72.15822,0.0,2026-08-22
-39.24338,-72.15479,0.0005,2026-08-22
-39.24338,-72.15137,0.0002,2026-08-22
-39.24338,-72.14795,0.0,2026-08-22
-39.24338,-72.14452,-4e-05,2026-08-22
-39.24338,-72.1411,0.0,2026-08-22
-39.24338,-72.13767,0.0001,2026-08-22
-39.24338,-72.13425,0.0,2026-08-22
-39.24338,-72.13082,0.0,2026-08-22
-39.24338,-72.1274,0.0,2026-08-22
-39.24338,-72.12397,-4e-05,2026-08-22
-39.24338,-72.12055,0.0,2026-08-22
-39.24338,-72.11712,0.0,2026-08-22
-39.24338,-72.1137,0.0,2026-08-22
-39.24338,-72.11027,0.0,2026-08-22
-39.24338,-72.10685,0.0,2026-08-22
-39.24338,-72.10342,0.0,2026-08-22
-39.24338,-72.1,0.0,2026-08-22
-39.24338,-72.09658,0.0,2026-08-22
-39.24338,-72.09315,-4e-05,2026-08-22
-39.24338,-72.08973,0.0,2026-08-22
-39.24338,-72.0863,0.0,2026-08-22
-39.24338,-72.08288,8e-05,2026-08-22
-39.24338,-72.07945,0.0,2026-08-22
-39.24338,-72.07603,0.0,2026-08-22
-39.24338,-72.0726,0.0004,2026-08-22
-39.24338,-72.06918,0.0,2026-08-22
-39.24338,-72.06575,0.0,2026-08-22
-39.24338,-72.06233,-9e-05,2026-08-22
-39.24338,-72.0589,0.0,2026-08-22
-39.24338,-72.05548,0.0012,2026-08-22
-39.24338,-72.05205,0.0,2026-08-22
-39.24338,-72.04863,-4e-05,2026-08-22
-39.24338,-72.04521,0.0,2026-08-22
-39.24338,-72.04178,0.00053,2026-08-22
-39.24338,-72.03836,-7e-05,2026-08-22
-39.24338,-72.03493,0.0,2026-08-22
-39.24338,-72.03151,0.0,2026-08-22
-39.24338,-72.02808,0.00041,2026-08-22
-39.24338,-72.02466,-4e-05,2026-08-22
-39.24338,-72.02123,-0.00017,2026-08-22
-39.24338,-72.01781,0.0,2026-08-22
-39.24338,-72.01438,0.0,2026-08-22
-39.24338,-72.01096,0.0005,2026-08-22
-39.24338,-72.00753,0.0,2026-08-22
-39.24338,-72.00411,0.0,2026-08-22
-39.24338,-72.00068,0.0,2026-08-22
-39.24338,-71.99726,0.0,2026-08-22
-39.24338,-71.99384,0.0,2026-08-22
-39.24338,-71.99041,0.0,2026-08-22
-39.24338,-71.98699,0.0,2026-08-22
-39.24338,-71.98356,0.0,2026-08-22
-39.24338,-71.98014,0.0,2026-08-22
-39.24338,-71.97671,0.0,2026-08-22
-39.24338,-71.97329,0.0,2026-08-22
-39.24338,-71.96986,-7e-05,2026-08-22
-39.24627,-72.19247,0.0,2026-08-22
-39.24627,-72.18904,0.0,2026-08-22
-39.24627,-72.18562,0.0,2026-08-22
-39.24627,-72.18219,0.0,2026-08-22
-39.24627,-72.17877,0.0,2026-08-22
-39.24627,-72.17534,0.0,2026-08-22
-39.24627,-72.17192,0.0,2026-08-22
-39.24627,-72.16849,0.0005,2026-08-22
-39.24627,-72.16507,-2e-05,2026-08-22
-39.24627,-72.16164,0.0,2026-08-22
-39.24627,-72.15822,0.0006,2026-08-22
-39.24627,-72.15479,0.0,2026-08-22
-39.24627,-72.15137,0.0,2026-08-22
-39.24627,-72.14795,0.0,2026-08-22
-39.24627,-72.14452,0.0,2026-08-22
-39.24627,-72.1411,0.0,2026-08-22
-39.24627,-72.13767,-6e-05,2026-08-22
-39.24627,-72.13425,-0.00013,2026-08-22
-39.24627,-72.13082,-7e-05,2026-08-22
-39.24627,-72.1274,0.0,2026-08-22
-39.24627,-72.12397,0.0,2026-08-22
-39.24627,-72.12055,0.0004,2026-08-22
-39.24627,-72.11712,-4e-05,2026-08-22
-39.24627,-72.1137,0.0,2026-08-22
-39.24627,-72.11027,0.0,2026-08-22
-39.24627,-72.10685,0.0,2026-08-22
-39.24627,-72.10342,0.0,2026-08-22
-39.24627,-72.1,0.0,2026-08-22
-39.24627,-72.09658,0.0003,2026-08-22
-39.24627,-72.09315,-2e-05,2026-08-22
-39.24627,-72.08973,0.0,2026-08-22
-39.24627,-72.0863,0.0,2026-08-22
-39.24627,-72.08288,0.0013,2026-08-22
-39.24627,-72.07945,0.00063,2026-08-22
-39.24627,-72.07603,0.0,2026-08-22
-39.24627,-72.0726,0.0,2026-08-22
-39.24627,-72.06918,-7e-05,2026-08-22
-39.24627,-72.06575,0.0,2026-08-22
-39.24627,-72.06233,0.0,2026-08-22
-39.24627,-72.0589,0.0,2026-08-22
-39.24627,-72.05548,-6e-05,2026-08-22
-39.24627,-72.05205,0.0,2026-08-22
-39.24627,-72.04863,0.0,2026-08-22
-39.24627,-72.04521,0.0,2026-08-22
-39.24627,-72.04178,0.0,2026-08-22
-39.24627,-72.03836,0.0001,2026-08-22
-39.24627,-72.03493,0.0,2026-08-22
-39.24627,-72.03151,0.0,2026-08-22
-39.24627,-72.02808,-2e-05,2026-08-22
-39.24627,-72.02466,0.0,2026-08-22
-39.24627,-72.02123,-2e-05,2026-08-22
-39.24627,-72.01781,0.0,2026-08-22
-39.24627,-72.01438,-6e-05,2026-08-22
-39.24627,-72.01096,0.0,2026-08-22
-39.24627,-72.00753,0.00014,2026-08-22
-39.24627,-72.00411,0.0,2026-08-22
-39.24627,-72.00068,0.0,2026-08-22
-39.24627,-71.99726,0.0,2026-08-22
-39.24627,-71.99384,0.0,2026-08-22
-39.24627,-71.99041,-4e-05,2026-08-22
-39.24627,-71.98699,0.0,2026-08-22
-39.24627,-71.98356,-2e-05,2026-08-22
-39.24627,-71.98014,0.0,2026-08-22
-39.24627,-71.97671,0.0,2026-08-22
-39.24627,-71.97329,0.0,2026-08-22
-39.24627,-71.96986,0.07503,2026-08-22
-39.24916,-72.19247,-0.00026,2026-08-22
-39.24916,-72.18904,0.0,2026-08-22
-39.24916,-72.18562,0.0005,2026-08-22
-39.24916,-72.18219,0.0003,2026-08-22
-39.24916,-72.17877,0.0002,2026-08-22
-39.24916,-72.17534,0.0,2026-08-22
-39.24916,-72.17192,0.00053,2026-08-22
-39.24916,-72.16849,0.0,2026-08-22
-39.24916,-72.16507,0.0,2026-08-22
-39.24916,-72.16164,0.0003,2026-08-22
-39.24916,-72.15822,0.0,2026-08-22
-39.24916,-72.15479,0.00027,2026-08-22
-39.24916,-72.15137,0.0,2026-08-22
-39.24916,-72.14795,-2e-05,2026-08-22
-39.24916,-72.14452,0.0,2026-08-22
-39.24916,-72.1411,0.0009,2026-08-22
-39.24916,-72.13767,0.0,2026-08-22
-39.24916,-72.13425,0.0,2026-08-22
-39.24916,-72.13082,0.00036,2026-08-22
-39.24916,-72.1274,0.0,2026-08-22
-39.24916,-72.12397,-2e-05,2026-08-22
-39.24916,-72.12055,0.0,2026-08-22
-39.24916,-72.11712,0.00023,2026-08-22
-39.24916,-72.1137,0.0,2026-08-22
-39.24916,-72.11027,0.0,2026-08-22
-39.24916,-72.10685,-2e-05,2026-08-22
-39.24916,-72.10342,-0.00017,2026-08-22
-39.24916,-72.1,0.0,2026-08-22
-39.24916,-72.09658,-7e-05,2026-08-22
-39.24916,-72.09315,0.0,2026-08-22
-39.24916,-72.08973,0.0005,2026-08-22
-39.24916,-72.0863,0.0001,2026-08-22
-39.24916,-72.08288,-4e-05,2026-08-22
-39.24916,-72.07945,0.0,2026-08-22
-39.24916,-72.07603,-9e-05,2026-08-22
-39.24916,-72.0726,0.0,2026-08-22
-39.24916,-72.06918,0.0,2026-08-22
-39.24916,-72.06575,0.0,2026-08-22
-39.24916,-72.06233,0.0007,2026-08-22
-39.24916,-72.0589,0.0,2026-08-22
-39.24916,-72.05548,0.0,2026-08-22
-39.24916,-72.05205,0.0,2026-08-22
-39.24916,-72.04863,0.0,2026-08-22
-39.24916,-72.04521,0.0,2026-08-22
-39.24916,-72.04178,0.0,2026-08-22
-39.24916,-72.03836,-2e-05,2026-08-22
-39.24916,-72.03493,0.0,2026-08-22
-39.24916,-72.03151,1e-05,2026-08-22
-39.24916,-72.02808,0.0,2026-08-22
-39.24916,-72.02466,0.0,2026-08-22
-39.24916,-72.02123,0.00021,2026-08-22
-39.24916,-72.01781,0.0,2026-08-22
-39.24916,-72.01438,0.0,2026-08-22
-39.24916,-72.01096,0.0,2026-08-22
-39.24916,-72.00753,0.0,2026-08-22
-39.24916,-72.00411,0.0,2026-08-22
-39.24916,-72.00068,0.0,2026-08-22
-39.24916,-71.99726,0.0,2026-08-22
-39.24916,-71.99384,0.0,2026-08-22
-39.24916,-71.99041,0.0,2026-08-22
-39.24916,-71.98699,0.0,2026-08-22
-39.24916,-71.98356,0.0,2026-08-22
-39.24916,-71.98014,0.0,2026-08-22
-39.24916,-71.97671,0.0,2026-08-22
-39.25206,-72.18904,-2e-05,2026-08-22
-39.25206,-72.18562,-9e-05,2026-08-22
-39.25206,-72.18219,0.0,2026-08-22
-39.25206,-72.17877,0.0,2026-08-22
-39.25206,-72.17534,0.0,2026-08-22
-39.25206,-72.17192,-7e-05,2026-08-22
-39.25206,-72.16849,0.0,2026-08-22
-39.25206,-72.16507,0.0,2026-08-22
-39.25206,-72.16164,0.0,2026-08-22
-39.25206,-72.15822,0.0007,2026-08-22
-39.25206,-72.15479,0.0,2026-08-22
-39.25206,-72.15137,0.00073,2026-08-22
-39.25206,-72.14795,0.0002,2026-08-22
-39.25206,-72.14452,8e-05,2026-08-22
-39.25206,-72.1411,0.0,2026-08-22
-39.25206,-72.13767,-4e-05,2026-08-22
-39.25206,-72.13425,0.0,2026-08-22
-39.25206,-72.13082,0.0005,2026-08-22
-39.25206,-72.1274,-2e-05,2026-08-22
-39.25206,-72.12397,0.00066,2026-08-22
-39.25206,-72.12055,0.0003,2026-08-22
-39.25206,-72.11712,0.0,2026-08-22
-39.25206,-72.1137,0.00016,2026-08-22
-39.25206,-72.11027,0.0,2026-08-22
-39.25206,-72.10685,-4e-05,2026-08-22
-39.25206,-72.10342,0.0,2026-08-22
-39.25206,-72.1,0.0002,2026-08-22
-39.25206,-72.09658,0.0002,2026-08-22
-39.25206,-72.09315,0.0,2026-08-22
-39.25206,-72.08973,0.0003,2026-08-22
-39.25206,-72.0863,-4e-05,2026-08-22
-39.25206,-72.08288,0.0003,2026-08-22
-39.25206,-72.07945,0.0,2026-08-22
-39.25206,-72.07603,0.0,2026-08-22
-39.25206,-72.0726,-4e-05,2026-08-22
-39.25206,-72.06918,0.0003,2026-08-22
-39.25206,-72.06575,0.0,2026-08-22
-39.25206,-72.06233,0.0,2026-08-22
-39.25206,-72.0589,0.0,2026-08-22
-39.25206,-72.05548,0.0002,2026-08-22
-39.25206,-72.05205,0.0,2026-08-22
-39.25206,-72.04863,0.0004,2026-08-22
-39.25206,-72.04521,0.0,2026-08-22
-39.25206,-72.04178,0.0,2026-08-22
-39.25206,-72.03836,-0.00015,2026-08-22
-39.25206,-72.03493,0.0,2026-08-22
-39.25206,-72.03151,0.0,2026-08-22
-39.25206,-72.02808,0.0,2026-08-22
-39.25206,-72.02466,0.0,2026-08-22
-39.25206,-72.02123,0.0,2026-08-22
-39.25206,-72.01781,-0.00013,2026-08-22
-39.25206,-72.01438,0.0,2026-08-22
-39.25206,-72.01096,-7e-05,2026-08-22
-39.25206,-72.00753,0.0003,2026-08-22
-39.25206,-72.00411,0.0,2026-08-22
-39.25206,-72.00068,-6e-05,2026-08-22
-39.25206,-71.99726,0.0,2026-08-22
-39.25206,-71.99384,0.0,2026-08-22
-39.25206,-71.99041,0.0,2026-08-22
-39.25206,-71.98699,0.0,2026-08-22
-39.25206,-71.98356,0.0,2026-08-22
-39.25206,-71.98014,0.0,2026-08-22
-39.25206,-71.97671,-9e-05,2026-08-22
-39.25495,-72.19247,-0.00024,2026-08-22
-39.25495,-72.18904,0.0,2026-08-22
-39.25495,-72.18562,0.0,2026-08-22
-39.25495,-72.18219,0.0,2026-08-22
-39.25495,-72.17877,0.0,2026-08-22
-39.25495,-72.17534,0.0005,2026-08-22
-39.25495,-72.17192,-6e-05,2026-08-22
-39.25495,-72.16849,-2e-05,2026-08-22
-39.25495,-72.16507,0.0,2026-08-22
-39.25495,-72.16164,-4e-05,2026-08-22
-39.25495,-72.15822,0.0,2026-08-22
-39.25495,-72.15479,0.0,2026-08-22
-39.25495,-72.15137,-9e-05,2026-08-22
-39.25495,-72.14795,0.0,2026-08-22
-39.25495,-72.14452,0.0002,2026-08-22
-39.25495,-72.1411,0.0005,2026-08-22
-39.25495,-72.13767,-0.00021,2026-08-22
-39.25495,-72.13425,0.0,2026-08-22
-39.25495,-72.13082,0.0006,2026-08-22
-39.25495,-72.1274,0.0011,2026-08-22
-39.25495,-72.12397,0.0005,2026-08-22
-39.25495,-72.12055,0.0,2026-08-22
-39.25495,-72.11712,0.0001,2026-08-22
-39.25495,-72.1137,0.0018,2026-08-22
-39.25495,-72.11027,0.0,2026-08-22
-39.25495,-72.10685,0.00018,2026-08-22
-39.25495,-72.10342,0.002,2026-08-22
-39.25495,-72.1,3e-05,2026-08-22
-39.25495,-72.09658,0.0,2026-08-22
-39.25495,-72.09315,0.0002,2026-08-22
-39.25495,-72.08973,0.0,2026-08-22
-39.25495,-72.0863,0.0006,2026-08-22
-39.25495,-72.08288,0.0,2026-08-22
-39.25495,-72.07945,0.0,2026-08-22
-39.25495,-72.07603,0.0005,2026-08-22
-39.25495,-72.0726,0.0,2026-08-22
-39.25495,-72.06918,-7e-05,2026-08-22
-39.25495,-72.06575,-6e-05,2026-08-22
-39.25495,-72.06233,0.0,2026-08-22
-39.25495,-72.0589,-7e-05,2026-08-22
-39.25495,-72.05548,0.0,2026-08-22
-39.25495,-72.05205,0.0,2026-08-22
-39.25495,-72.04863,0.0,2026-08-22
-39.25495,-72.04521,-6e-05,2026-08-22
-39.25495,-72.04178,0.0,2026-08-22
-39.25495,-72.03836,0.0,2026-08-22
-39.25495,-72.03493,0.0,2026-08-22
-39.25495,-72.03151,0.0,2026-08-22
-39.25495,-72.02808,-4e-05,2026-08-22
-39.25495,-72.02466,0.0,2026-08-22
-39.25495,-72.02123,0.0,2026-08-22
-39.25495,-72.01781,-2e-05,2026-08-22
-39.25495,-72.01438,0.0006,2026-08-22
-39.25495,-72.01096,0.0,2026-08-22
-39.25495,-72.00753,0.0,2026-08-22
-39.25495,-72.00411,0.0,2026-08-22
-39.25495,-72.00068,0.0,2026-08-22
-39.25495,-71.99726,-4e-05,2026-08-22
-39.25495,-71.99384,0.0,2026-08-22
-39.25495,-71.99041,0.0,2026-08-22
-39.25495,-71.98699,0.0,2026-08-22
-39.25495,-71.98356,-2e-05,2026-08-22
-39.25495,-71.98014,0.0,2026-08-22
-39.25495,-71.97671,0.0,2026-08-22
-39.25784,-72.20274,-0.00026,2026-08-22
-39.25784,-72.19932,-0.00022,2026-08-22
-39.25784,-72.19589,0.0,2026-08-22
-39.25784,-72.19247,0.0,2026-08-22
-39.25784,-72.18904,0.0,2026-08-22
-39.25784,-72.18562,0.0,2026-08-22
-39.25784,-72.18219,0.0,2026-08-22
-39.25784,-72.17877,0.0,2026-08-22
-39.25784,-72.17534,0.0,2026-08-22
-39.25784,-72.17192,0.0,2026-08-22
-39.25784,-72.16849,-4e-05,2026-08-22
-39.25784,-72.16507,0.0,2026-08-22
-39.25784,-72.16164,0.0002,2026-08-22
-39.25784,-72.15822,0.0,2026-08-22
-39.25784,-72.15479,0.0,2026-08-22
-39.25784,-72.15137,-6e-05,2026-08-22
-39.25784,-72.14795,0.0002,2026-08-22
-39.25784,-72.14452,0.0002,2026-08-22
-39.25784,-72.1411,-1e-05,2026-08-22
-39.25784,-72.13767,0.0,2026-08-22
-39.25784,-72.13425,0.0,2026-08-22
-39.25784,-72.13082,-0.00015,2026-08-22
-39.25784,-72.1274,0.0,2026-08-22
-39.25784,-72.12397,-2e-05,2026-08-22
-39.25784,-72.12055,0.0006,2026-08-22
-39.25784,-72.11712,0.00031,2026-08-22
-39.25784,-72.1137,0.0003,2026-08-22
-39.25784,-72.11027,0.0,2026-08-22
-39.25784,-72.10685,0.0007,2026-08-22
-39.25784,-72.10342,0.00088,2026-08-22
-39.25784,-72.1,0.0005,2026-08-22
-39.25784,-72.09658,0.0,2026-08-22
-39.25784,-72.09315,0.0,2026-08-22
-39.25784,-72.08973,0.00086,2026-08-22
-39.25784,-72.0863,0.0,2026-08-22
-39.25784,-72.08288,0.0,2026-08-22
-39.25784,-72.07945,0.0,2026-08-22
-39.25784,-72.07603,0.0,2026-08-22
-39.25784,-72.0726,0.0,2026-08-22
-39.25784,-72.06918,0.0,2026-08-22
-39.25784,-72.06575,0.0,2026-08-22
-39.25784,-72.06233,0.0,2026-08-22
-39.25784,-72.0589,0.0,2026-08-22
-39.25784,-72.05548,0.0,2026-08-22
-39.25784,-72.05205,-2e-05,2026-08-22
-39.25784,-72.04863,0.0001,2026-08-22
-39.25784,-72.04521,0.0,2026-08-22
-39.25784,-72.04178,0.0,2026-08-22
-39.25784,-72.03836,0.0002,2026-08-22
-39.25784,-72.03493,-6e-05,2026-08-22
-39.25784,-72.03151,0.0,2026-08-22
-39.25784,-72.02808,0.0,2026-08-22
-39.25784,-72.02466,0.0002,2026-08-22
-39.25784,-72.02123,0.0,2026-08-22
-39.25784,-72.01781,-2e-05,2026-08-22
-39.25784,-72.01438,0.00075,2026-08-22
-39.25784,-72.01096,0.0,2026-08-22
-39.25784,-72.00753,-7e-05,2026-08-22
-39.25784,-72.00411,0.0,2026-08-22
-39.25784,-72.00068,0.0007,2026-08-22
-39.25784,-71.99726,0.0,2026-08-22
-39.25784,-71.99384,0.0,2026-08-22
-39.25784,-71.99041,-6e-05,2026-08-22
-39.25784,-71.98699,-4e-05,2026-08-22
-39.25784,-71.98356,0.0,2026-08-22
-39.25784,-71.98014,0.0,2026-08-22
-39.25784,-71.97671,0.0,2026-08-22
-39.26073,-72.21644,-0.00069,2026-08-22
-39.26073,-72.21301,-0.0032,2026-08-22
-39.26073,-72.20959,-0.00015,2026-08-22
-39.26073,-72.20616,0.0,2026-08-22
-39.26073,-72.20274,0.0,2026-08-22
-39.26073,-72.19932,-4e-05,2026-08-22
-39.26073,-72.19589,0.0,2026-08-22
-39.26073,-72.19247,0.0,2026-08-22
-39.26073,-72.18904,0.0,2026-08-22
-39.26073,-72.18562,-7e-05,2026-08-22
-39.26073,-72.18219,0.0,2026-08-22
-39.26073,-72.17877,0.0,2026-08-22
-39.26073,-72.17534,0.0005,2026-08-22
-39.26073,-72.17192,0.0,2026-08-22
-39.26073,-72.16849,0.00073,2026-08-22
-39.26073,-72.16507,0.0005,2026-08-22
-39.26073,-72.16164,0.0,2026-08-22
-39.26073,-72.15822,0.00061,2026-08-22
-39.26073,-72.15479,0.0,2026-08-22
-39.26073,-72.15137,0.0,2026-08-22
-39.26073,-72.14795,0.0008,2026-08-22
-39.26073,-72.14452,-9e-05,2026-08-22
-39.26073,-72.1411,0.0006,2026-08-22
-39.26073,-72.13767,-4e-05,2026-08-22
-39.26073,-72.13425,0.0,2026-08-22
-39.26073,-72.13082,0.0006,2026-08-22
-39.26073,-72.1274,-4e-05,2026-08-22
-39.26073,-72.12397,0.0014,2026-08-22
-39.26073,-72.12055,0.00011,2026-08-22
-39.26073,-72.11712,0.00093,2026-08-22
-39.26073,-72.1137,0.0,2026-08-22
-39.26073,-72.11027,0.0,2026-08-22
-39.26073,-72.10685,0.00185,2026-08-22
-39.26073,-72.10342,-4e-05,2026-08-22
-39.26073,-72.1,0.0001,2026-08-22
-39.26073,-72.09658,0.0,2026-08-22
-39.26073,-72.09315,0.0,2026-08-22
-39.26073,-72.08973,0.0002,2026-08-22
-39.26073,-72.0863,-7e-05,2026-08-22
-39.26073,-72.08288,0.0,2026-08-22
-39.26073,-72.07945,0.0,2026-08-22
-39.26073,-72.07603,0.0,2026-08-22
-39.26073,-72.0726,0.0,2026-08-22
-39.26073,-72.06918,0.0,2026-08-22
-39.26073,-72.06575,0.0,2026-08-22
-39.26073,-72.06233,0.0,2026-08-22
-39.26073,-72.0589,0.0,2026-08-22
-39.26073,-72.05548,0.0001,2026-08-22
-39.26073,-72.05205,0.0,2026-08-22
-39.26073,-72.04863,0.00078,2026-08-22
-39.26073,-72.04521,0.0004,2026-08-22
-39.26073,-72.04178,1e-05,2026-08-22
-39.26073,-72.03836,0.0,2026-08-22
-39.26073,-72.03493,0.0,2026-08-22
-39.26073,-72.03151,0.0009,2026-08-22
-39.26073,-72.02808,0.0,2026-08-22
-39.26073,-72.02466,0.0,2026-08-22
-39.26073,-72.02123,-0.00021,2026-08-22
-39.26073,-72.01781,0.0,2026-08-22
-39.26073,-72.01438,0.0007,2026-08-22
-39.26073,-72.01096,0.0,2026-08-22
-39.26073,-72.00753,0.0,2026-08-22
-39.26073,-72.00411,-7e-05,2026-08-22
-39.26073,-72.00068,0.0,2026-08-22
-39.26073,-71.99726,0.0,2026-08-22
-39.26073,-71.99384,0.0,2026-08-22
-39.26073,-71.99041,0.0,2026-08-22
-39.26073,-71.98699,0.0,2026-08-22
-39.26073,-71.98356,0.0,2026-08-22
-39.26073,-71.98014,0.0,2026-08-22
-39.26073,-71.97671,0.0,2026-08-22
-39.26362,-72.21986,-0.00019,2026-08-22
-39.26362,-72.21644,0.0,2026-08-22
-39.26362,-72.21301,-0.00024,2026-08-22
-39.26362,-72.20959,0.0,2026-08-22
-39.26362,-72.20616,0.0,2026-08-22
-39.26362,-72.20274,0.0,2026-08-22
-39.26362,-72.19932,0.0,2026-08-22
-39.26362,-72.19589,-4e-05,2026-08-22
-39.26362,-72.19247,0.0,2026-08-22
-39.26362,-72.18904,0.0,2026-08-22
-39.26362,-72.18562,0.0007,2026-08-22
-39.26362,-72.18219,0.0,2026-08-22
-39.26362,-72.17877,0.0,2026-08-22
-39.26362,-72.17534,0.0,2026-08-22
-39.26362,-72.17192,0.0,2026-08-22
-39.26362,-72.16849,0.0,2026-08-22
-39.26362,-72.16507,0.0001,2026-08-22
-39.26362,-72.16164,0.0,2026-08-22
-39.26362,-72.15822,-7e-05,2026-08-22
-39.26362,-72.15479,0.0008,2026-08-22
-39.26362,-72.15137,0.0,2026-08-22
-39.26362,-72.14795,0.00024,2026-08-22
-39.26362,-72.14452,-0.00015,2026-08-22
-39.26362,-72.1411,0.0,2026-08-22
-39.26362,-72.13767,0.0,2026-08-22
-39.26362,-72.13425,0.0012,2026-08-22
-39.26362,-72.13082,0.0006,2026-08-22
-39.26362,-72.1274,0.0006,2026-08-22
-39.26362,-72.12397,0.00104,2026-08-22
-39.26362,-72.12055,0.00044,2026-08-22
-39.26362,-72.11712,0.00083,2026-08-22
-39.26362,-72.1137,0.0006,2026-08-22
-39.26362,-72.11027,0.00066,2026-08-22
-39.26362,-72.10685,0.0,2026-08-22
-39.26362,-72.10342,0.0004,2026-08-22
-39.26362,-72.1,0.0002,2026-08-22
-39.26362,-72.09658,0.0,2026-08-22
-39.26362,-72.09315,-6e-05,2026-08-22
-39.26362,-72.08973,-9e-05,2026-08-22
-39.26362,-72.0863,-6e-05,2026-08-22
-39.26362,-72.08288,0.0011,2026-08-22
-39.26362,-72.07945,-0.00013,2026-08-22
-39.26362,-72.07603,0.0,2026-08-22
-39.26362,-72.0726,-7e-05,2026-08-22
-39.26362,-72.06918,0.0,2026-08-22
-39.26362,-72.06575,0.0,2026-08-22
-39.26362,-72.06233,0.0,2026-08-22
-39.26362,-72.0589,-7e-05,2026-08-22
-39.26362,-72.05548,0.0001,2026-08-22
-39.26362,-72.05205,0.0002,2026-08-22
-39.26362,-72.04863,-9e-05,2026-08-22
-39.26362,-72.04521,-4e-05,2026-08-22
-39.26362,-72.04178,-4e-05,2026-08-22
-39.26362,-72.03836,0.0001,2026-08-22
-39.26362,-72.03493,0.0,2026-08-22
-39.26362,-72.03151,0.0012,2026-08-22
-39.26362,-72.02808,0.0005,2026-08-22
-39.26362,-72.02466,0.0,2026-08-22
-39.26362,-72.02123,0.0003,2026-08-22
-39.26362,-72.01781,0.0001,2026-08-22
-39.26362,-72.01438,0.001,2026-08-22
-39.26362,-72.01096,0.0,2026-08-22
-39.26362,-72.00753,0.0,2026-08-22
-39.26362,-72.00411,-4e-05,2026-08-22
-39.26362,-72.00068,0.0,2026-08-22
-39.26362,-71.99726,0.0,2026-08-22
-39.26362,-71.99384,-4e-05,2026-08-22
-39.26362,-71.99041,0.0,2026-08-22
-39.26362,-71.98699,0.0,2026-08-22
-39.26362,-71.98356,0.0,2026-08-22
-39.26362,-71.98014,0.0,2026-08-22
-39.26362,-71.97671,-4e-05,2026-08-22
-39.26362,-71.97329,0.01275,2026-08-22
-39.26652,-72.22329,-0.00886,2026-08-22
-39.26652,-72.21986,0.0,2026-08-22
-39.26652,-72.21644,0.0,2026-08-22
-39.26652,-72.21301,-4e-05,2026-08-22
-39.26652,-72.20959,0.0,2026-08-22
-39.26652,-72.20616,-0.00013,2026-08-22
-39.26652,-72.20274,0.0002,2026-08-22
-39.26652,-72.19932,0.0005,2026-08-22
-39.26652,-72.19589,0.00113,2026-08-22
-39.26652,-72.19247,0.00143,2026-08-22
-39.26652,-72.18904,0.0,2026-08-22
-39.26652,-72.18562,-6e-05,2026-08-22
-39.26652,-72.18219,0.0002,2026-08-22
-39.26652,-72.17877,0.0003,2026-08-22
-39.26652,-72.17534,0.001,2026-08-22
-39.26652,-72.17192,0.0,2026-08-22
-39.26652,-72.16849,0.0008,2026-08-22
-39.26652,-72.16507,0.0007,2026-08-22
-39.26652,-72.16164,0.0016,2026-08-22
-39.26652,-72.15822,0.001,2026-08-22
-39.26652,-72.15479,0.0,2026-08-22
-39.26652,-72.15137,0.0,2026-08-22
-39.26652,-72.14795,0.0,2026-08-22
-39.26652,-72.14452,0.00054,2026-08-22
-39.26652,-72.1411,0.0007,2026-08-22
-39.26652,-72.13767,0.00153,2026-08-22
-39.26652,-72.13425,0.00138,2026-08-22
-39.26652,-72.13082,0.0,2026-08-22
-39.26652,-72.1274,0.0005,2026-08-22
-39.26652,-72.12397,0.00026,2026-08-22
-39.26652,-72.12055,0.0008,2026-08-22
-39.26652,-72.11712,0.0008,2026-08-22
-39.26652,-72.1137,0.0,2026-08-22
-39.26652,-72.11027,0.0008,2026-08-22
-39.26652,-72.10685,-2e-05,2026-08-22
-39.26652,-72.10342,0.0,2026-08-22
-39.26652,-72.1,0.0,2026-08-22
-39.26652,-72.09658,0.0,2026-08-22
-39.26652,-72.09315,0.0,2026-08-22
-39.26652,-72.08973,0.0,2026-08-22
-39.26652,-72.0863,-9e-05,2026-08-22
-39.26652,-72.08288,0.0001,2026-08-22
-39.26652,-72.07945,0.0,2026-08-22
-39.26652,-72.07603,0.0008,2026-08-22
-39.26652,-72.0726,0.0,2026-08-22
-39.26652,-72.06918,0.0,2026-08-22
-39.26652,-72.06575,0.0,2026-08-22
-39.26652,-72.06233,-7e-05,2026-08-22
-39.26652,-72.0589,0.0,2026-08-22
-39.26652,-72.05548,0.0,2026-08-22
-39.26652,-72.05205,0.0,2026-08-22
-39.26652,-72.04863,0.0,2026-08-22
-39.26652,-72.04521,0.0,2026-08-22
-39.26652,-72.04178,0.0,2026-08-22
-39.26652,-72.03836,0.0,2026-08-22
-39.26652,-72.03493,0.0,2026-08-22
-39.26652,-72.03151,-0.00013,2026-08-22
-39.26652,-72.02808,-9e-05,2026-08-22
-39.26652,-72.02466,0.0,2026-08-22
-39.26652,-72.02123,0.0,2026-08-22
-39.26652,-72.01781,0.001,2026-08-22
-39.26652,-72.01438,0.0,2026-08-22
-39.26652,-72.01096,0.0,2026-08-22
-39.26652,-72.00753,0.07005,2026-08-22
-39.26652,-71.99726,0.00038,2026-08-22
-39.26652,-71.99384,0.0,2026-08-22
-39.26652,-71.99041,-2e-05,2026-08-22
-39.26652,-71.98699,0.0,2026-08-22
-39.26652,-71.98356,0.0,2026-08-22
-39.26652,-71.98014,0.0,2026-08-22
-39.26652,-71.97671,-9e-05,2026-08-22
-39.26941,-72.22329,-0.00232,2026-08-22
-39.26941,-72.21986,0.0,2026-08-22
-39.26941,-72.21644,0.0,2026-08-22
-39.26941,-72.21301,0.0,2026-08-22
-39.26941,-72.20959,0.0002,2026-08-22
-39.26941,-72.20616,0.00058,2026-08-22
-39.26941,-72.20274,0.0004,2026-08-22
-39.26941,-72.19932,0.0014,2026-08-22
-39.26941,-72.19589,0.001,2026-08-22
-39.26941,-72.19247,6e-05,2026-08-22
-39.26941,-72.18904,0.0001,2026-08-22
-39.26941,-72.18562,0.0,2026-08-22
-39.26941,-72.18219,0.0007,2026-08-22
-39.26941,-72.17877,0.00028,2026-08-22
-39.26941,-72.17534,0.0,2026-08-22
-39.26941,-72.17192,0.0019,2026-08-22
-39.26941,-72.16849,0.0009,2026-08-22
-39.26941,-72.16507,0.0003,2026-08-22
-39.26941,-72.16164,0.0014,2026-08-22
-39.26941,-72.15822,0.00055,2026-08-22
-39.26941,-72.15479,0.0008,2026-08-22
-39.26941,-72.15137,-0.00013,2026-08-22
-39.26941,-72.14795,0.0013,2026-08-22
-39.26941,-72.14452,0.0011,2026-08-22
-39.26941,-72.1411,0.00118,2026-08-22
-39.26941,-72.13767,0.00188,2026-08-22
-39.26941,-72.13425,0.0004,2026-08-22
-39.26941,-72.13082,0.00121,2026-08-22
-39.26941,-72.1274,-0.00015,2026-08-22
-39.26941,-72.12397,0.00091,2026-08-22
-39.26941,-72.12055,0.00071,2026-08-22
-39.26941,-72.11712,0.0,2026-08-22
-39.26941,-72.1137,0.0,2026-08-22
-39.26941,-72.11027,0.00097,2026-08-22
-39.26941,-72.10685,0.0,2026-08-22
-39.26941,-72.10342,0.0,2026-08-22
-39.26941,-72.1,0.0,2026-08-22
-39.26941,-72.09658,-4e-05,2026-08-22
-39.26941,-72.09315,0.0,2026-08-22
-39.26941,-72.08973,0.0007,2026-08-22
-39.26941,-72.0863,0.0008,2026-08-22
-39.26941,-72.08288,-7e-05,2026-08-22
-39.26941,-72.07945,0.0,2026-08-22
-39.26941,-72.07603,0.0003,2026-08-22
-39.26941,-72.0726,0.0,2026-08-22
-39.26941,-72.06918,0.0005,2026-08-22
-39.26941,-72.06575,0.0,2026-08-22
-39.26941,-72.06233,0.0,2026-08-22
-39.26941,-72.0589,0.0,2026-08-22
-39.26941,-72.05548,0.0002,2026-08-22
-39.26941,-72.05205,0.0,2026-08-22
-39.26941,-72.04863,0.0004,2026-08-22
-39.26941,-72.04521,0.00018,2026-08-22
-39.26941,-72.04178,0.00038,2026-08-22
-39.26941,-72.03836,0.0,2026-08-22
-39.26941,-72.03493,0.0,2026-08-22
-39.26941,-72.03151,0.0007,2026-08-22
-39.26941,-72.02808,0.0,2026-08-22
-39.26941,-72.02466,0.00088,2026-08-22
-39.26941,-72.02123,0.0,2026-08-22
-39.26941,-72.01781,0.0004,2026-08-22
-39.26941,-72.01438,0.0,2026-08-22
-39.26941,-72.01096,0.0,2026-08-22
-39.26941,-72.00753,0.0,2026-08-22
-39.26941,-71.98699,-0.00028,2026-08-22
-39.26941,-71.98356,-0.00036,2026-08-22
-39.26941,-71.98014,-4e-05,2026-08-22
-39.2723,-72.22671,0.00038,2026-08-22
-39.2723,-72.22329,-2e-05,2026-08-22
-39.2723,-72.21986,0.0,2026-08-22
-39.2723,-72.21644,0.0,2026-08-22
-39.2723,-72.21301,0.0,2026-08-22
-39.2723,-72.20959,0.0001,2026-08-22
-39.2723,-72.20616,0.0,2026-08-22
-39.2723,-72.20274,-6e-05,2026-08-22
-39.2723,-72.19932,0.0005,2026-08-22
-39.2723,-72.19589,0.00078,2026-08-22
-39.2723,-72.19247,0.00055,2026-08-22
-39.2723,-72.18904,0.00033,2026-08-22
-39.2723,-72.18562,0.0,2026-08-22
-39.2723,-72.18219,0.0008,2026-08-22
-39.2723,-72.17877,0.00024,2026-08-22
-39.2723,-72.17534,0.0,2026-08-22
-39.2723,-72.17192,0.0002,2026-08-22
-39.2723,-72.16849,0.0009,2026-08-22
-39.2723,-72.16507,0.0011,2026-08-22
-39.2723,-72.16164,0.0007,2026-08-22
-39.2723,-72.15822,0.0018,2026-08-22
-39.2723,-72.15479,0.00195,2026-08-22
-39.2723,-72.15137,0.0008,2026-08-22
-39.2723,-72.14795,0.0005,2026-08-22
-39.2723,-72.14452,0.0,2026-08-22
-39.2723,-72.1411,0.00143,2026-08-22
-39.2723,-72.13767,0.00083,2026-08-22
-39.2723,-72.13425,0.00026,2026-08-22
-39.2723,-72.13082,0.0001,2026-08-22
-39.2723,-72.1274,0.0011,2026-08-22
-39.2723,-72.12397,0.00146,2026-08-22
-39.2723,-72.12055,0.0018,2026-08-22
-39.2723,-72.11712,0.0006,2026-08-22
-39.2723,-72.1137,0.0,2026-08-22
-39.2723,-72.11027,0.0004,2026-08-22
-39.2723,-72.10685,0.00023,2026-08-22
-39.2723,-72.10342,0.0,2026-08-22
-39.2723,-72.1,0.0,2026-08-22
-39.2723,-72.09658,0.0,2026-08-22
-39.2723,-72.09315,0.0008,2026-08-22
-39.2723,-72.08973,0.0,2026-08-22
-39.2723,-72.0863,0.0,2026-08-22
-39.2723,-72.08288,0.0,2026-08-22
-39.2723,-72.07945,0.0,2026-08-22
-39.2723,-72.07603,0.0,2026-08-22
-39.2723,-72.0726,0.0002,2026-08-22
-39.2723,-72.06918,-9e-05,2026-08-22
-39.2723,-72.06575,0.0,2026-08-22
-39.2723,-72.06233,-2e-05,2026-08-22
-39.2723,-72.0589,0.0,2026-08-22
-39.2723,-72.05548,0.0,2026-08-22
-39.2723,-72.05205,0.0,2026-08-22
-39.2723,-72.04863,0.0,2026-08-22
-39.2723,-72.04521,0.0,2026-08-22
-39.2723,-72.04178,0.0006,2026-08-22
-39.2723,-72.03836,0.0,2026-08-22
-39.2723,-72.03493,0.0,2026-08-22
-39.2723,-72.03151,0.00027,2026-08-22
-39.2723,-72.02808,0.0002,2026-08-22
-39.2723,-72.02466,0.0,2026-08-22
-39.2723,-72.02123,0.0009,2026-08-22
-39.2723,-72.01781,0.0,2026-08-22
-39.2723,-72.01438,0.0,2026-08-22
-39.2723,-72.01096,0.0,2026-08-22
-39.2723,-72.00753,0.0,2026-08-22
-39.2723,-72.00411,-2e-05,2026-08-22
-39.2723,-72.00068,-0.00193,2026-08-22
-39.2723,-71.99726,0.00093,2026-08-22
-39.2723,-71.98014,-0.00042,2026-08-22
-39.27519,-72.23014,-0.01323,2026-08-22
-39.27519,-72.22671,-0.00043,2026-08-22
-39.27519,-72.22329,-4e-05,2026-08-22
-39.27519,-72.21986,-9e-05,2026-08-22
-39.27519,-72.21644,0.0,2026-08-22
-39.27519,-72.21301,-7e-05,2026-08-22
-39.27519,-72.20959,0.00029,2026-08-22
-39.27519,-72.20616,0.00061,2026-08-22
-39.27519,-72.20274,0.0,2026-08-22
-39.27519,-72.19932,0.0,2026-08-22
-39.27519,-72.19589,0.0004,2026-08-22
-39.27519,-72.19247,0.0011,2026-08-22
-39.27519,-72.18904,0.0005,2026-08-22
-39.27519,-72.18562,0.0,2026-08-22
-39.27519,-72.18219,0.0008,2026-08-22
-39.27519,-72.17877,0.00045,2026-08-22
-39.27519,-72.17534,0.0009,2026-08-22
-39.27519,-72.17192,0.0,2026-08-22
-39.27519,-72.16849,0.0012,2026-08-22
-39.27519,-72.16507,0.00098,2026-08-22
-39.27519,-72.16164,0.00091,2026-08-22
-39.27519,-72.15822,0.00113,2026-08-22
-39.27519,-72.15479,0.0001,2026-08-22
-39.27519,-72.15137,0.00153,2026-08-22
-39.27519,-72.14795,0.0005,2026-08-22
-39.27519,-72.14452,0.00108,2026-08-22
-39.27519,-72.1411,0.0,2026-08-22
-39.27519,-72.13767,0.0002,2026-08-22
-39.27519,-72.13425,0.0006,2026-08-22
-39.27519,-72.13082,0.0,2026-08-22
-39.27519,-72.1274,-7e-05,2026-08-22
-39.27519,-72.12397,0.0,2026-08-22
-39.27519,-72.12055,0.0009,2026-08-22
-39.27519,-72.11712,0.0001,2026-08-22
-39.27519,-72.1137,0.0004,2026-08-22
-39.27519,-72.11027,0.00057,2026-08-22
-39.27519,-72.10685,0.00076,2026-08-22
-39.27519,-72.10342,0.0,2026-08-22
-39.27519,-72.1,-7e-05,2026-08-22
-39.27519,-72.09658,0.0,2026-08-22
-39.27519,-72.09315,0.0,2026-08-22
-39.27519,-72.08973,0.0014,2026-08-22
-39.27519,-72.0863,0.0,2026-08-22
-39.27519,-72.08288,0.0012,2026-08-22
-39.27519,-72.07945,0.0,2026-08-22
-39.27519,-72.07603,0.00045,2026-08-22
-39.27519,-72.0726,0.0,2026-08-22
-39.27519,-72.06918,0.0006,2026-08-22
-39.27519,-72.06575,0.0005,2026-08-22
-39.27519,-72.06233,-4e-05,2026-08-22
-39.27519,-72.0589,-2e-05,2026-08-22
-39.27519,-72.05548,-7e-05,2026-08-22
-39.27519,-72.05205,0.0003,2026-08-22
-39.27519,-72.04863,0.0004,2026-08-22
-39.27519,-72.04521,0.0,2026-08-22
-39.27519,-72.04178,0.0009,2026-08-22
-39.27519,-72.03836,0.0,2026-08-22
-39.27519,-72.03493,0.0004,2026-08-22
-39.27519,-72.03151,0.0,2026-08-22
-39.27519,-72.02808,-2e-05,2026-08-22
-39.27519,-72.02466,0.0001,2026-08-22
-39.27519,-72.02123,-4e-05,2026-08-22
-39.27519,-72.01781,0.0006,2026-08-22
-39.27519,-72.01438,0.0,2026-08-22
-39.27519,-72.01096,-4e-05,2026-08-22
-39.27519,-72.00753,-4e-05,2026-08-22
-39.27519,-72.00411,0.0,2026-08-22
-39.27519,-72.00068,0.0,2026-08-22
-39.27519,-71.99726,-2e-05,2026-08-22
-39.27519,-71.99384,-0.00039,2026-08-22
-39.27519,-71.98356,-0.0159,2026-08-22
-39.27808,-72.21986,-0.00111,2026-08-22
-39.27808,-72.21644,0.0,2026-08-22
-39.27808,-72.21301,0.0005,2026-08-22
-39.27808,-72.20959,0.00063,2026-08-22
-39.27808,-72.20616,0.0,2026-08-22
-39.27808,-72.20274,0.00161,2026-08-22
-39.27808,-72.19932,2e-05,2026-08-22
-39.27808,-72.19589,0.0019,2026-08-22
-39.27808,-72.19247,0.0,2026-08-22
-39.27808,-72.18904,0.0005,2026-08-22
-39.27808,-72.18562,0.0008,2026-08-22
-39.27808,-72.18219,0.0002,2026-08-22
-39.27808,-72.17877,0.0001,2026-08-22
-39.27808,-72.17534,0.0,2026-08-22
-39.27808,-72.17192,0.0001,2026-08-22
-39.27808,-72.16849,0.00066,2026-08-22
-39.27808,-72.16507,0.00182,2026-08-22
-39.27808,-72.16164,0.0009,2026-08-22
-39.27808,-72.15822,0.0009,2026-08-22
-39.27808,-72.15479,0.00226,2026-08-22
-39.27808,-72.15137,0.0004,2026-08-22
-39.27808,-72.14795,0.0013,2026-08-22
-39.27808,-72.14452,0.0005,2026-08-22
-39.27808,-72.1411,0.00048,2026-08-22
-39.27808,-72.13767,0.0007,2026-08-22
-39.27808,-72.13425,0.0013,2026-08-22
-39.27808,-72.13082,0.0002,2026-08-22
-39.27808,-72.1274,0.0004,2026-08-22
-39.27808,-72.12397,0.001,2026-08-22
-39.27808,-72.12055,0.0011,2026-08-22
-39.27808,-72.11712,0.0,2026-08-22
-39.27808,-72.1137,0.0003,2026-08-22
-39.27808,-72.11027,0.0005,2026-08-22
-39.27808,-72.10685,0.0,2026-08-22
-39.27808,-72.10342,0.0002,2026-08-22
-39.27808,-72.1,0.0,2026-08-22
-39.27808,-72.09658,0.00054,2026-08-22
-39.27808,-72.09315,0.0,2026-08-22
-39.27808,-72.08973,0.0,2026-08-22
-39.27808,-72.0863,-4e-05,2026-08-22
-39.27808,-72.08288,0.0006,2026-08-22
-39.27808,-72.07945,0.0,2026-08-22
-39.27808,-72.07603,-9e-05,2026-08-22
-39.27808,-72.0726,0.0,2026-08-22
-39.27808,-72.06918,0.0,2026-08-22
-39.27808,-72.06575,0.0,2026-08-22
-39.27808,-72.06233,0.0,2026-08-22
-39.27808,-72.0589,0.0,2026-08-22
-39.27808,-72.05548,0.00078,2026-08-22
-39.27808,-72.05205,0.0,2026-08-22
-39.27808,-72.04863,-0.00013,2026-08-22
-39.27808,-72.04521,0.0,2026-08-22
-39.27808,-72.04178,-7e-05,2026-08-22
-39.27808,-72.03836,-6e-05,2026-08-22
-39.27808,-72.03493,0.0,2026-08-22
-39.27808,-72.03151,-5e-05,2026-08-22
-39.27808,-72.02808,0.0,2026-08-22
-39.27808,-72.02466,0.0001,2026-08-22
-39.27808,-72.02123,0.0003,2026-08-22
-39.27808,-72.01781,0.0,2026-08-22
-39.27808,-72.01438,0.0006,2026-08-22
-39.27808,-72.01096,0.0006,2026-08-22
-39.27808,-72.00753,0.0005,2026-08-22
-39.27808,-72.00411,0.0,2026-08-22
-39.27808,-72.00068,-0.00013,2026-08-22
-39.27808,-71.99726,-2e-05,2026-08-22
-39.27808,-71.99384,0.0,2026-08-22
-39.27808,-71.99041,0.0,2026-08-22
-39.27808,-71.98699,-0.00054,2026-08-22
-39.27808,-71.98356,-0.00096,2026-08-22
-39.27808,-71.98014,0.0072,2026-08-22
-39.28098,-72.21986,-0.00012,2026-08-22
-39.28098,-72.21644,0.0,2026-08-22
-39.28098,-72.21301,0.0001,2026-08-22
-39.28098,-72.20959,0.00089,2026-08-22
-39.28098,-72.20616,-1e-05,2026-08-22
-39.28098,-72.20274,0.0003,2026-08-22
-39.28098,-72.19932,0.0002,2026-08-22
-39.28098,-72.19589,-0.00011,2026-08-22
-39.28098,-72.19247,0.0009,2026-08-22
-39.28098,-72.18904,0.00033,2026-08-22
-39.28098,-72.18562,0.0014,2026-08-22
-39.28098,-72.18219,0.00251,2026-08-22
-39.28098,-72.17877,0.0017,2026-08-22
-39.28098,-72.17534,0.0,2026-08-22
-39.28098,-72.17192,0.00067,2026-08-22
-39.28098,-72.16849,0.0,2026-08-22
-39.28098,-72.16507,-4e-05,2026-08-22
-39.28098,-72.16164,0.00094,2026-08-22
-39.28098,-72.15822,0.00074,2026-08-22
-39.28098,-72.15479,0.00084,2026-08-22
-39.28098,-72.15137,0.00074,2026-08-22
-39.28098,-72.14795,0.00049,2026-08-22
-39.28098,-72.14452,0.00093,2026-08-22
-39.28098,-72.1411,0.0002,2026-08-22
-39.28098,-72.13767,0.0006,2026-08-22
-39.28098,-72.13425,0.0,2026-08-22
-39.28098,-72.13082,0.0,2026-08-22
-39.28098,-72.1274,0.00033,2026-08-22
-39.28098,-72.12397,-7e-05,2026-08-22
-39.28098,-72.12055,0.0,2026-08-22
-39.28098,-72.11712,0.0008,2026-08-22
-39.28098,-72.1137,0.0003,2026-08-22
-39.28098,-72.11027,0.0001,2026-08-22
-39.28098,-72.10685,0.0,2026-08-22
-39.28098,-72.10342,0.0,2026-08-22
-39.28098,-72.1,0.00108,2026-08-22
-39.28098,-72.09658,0.0,2026-08-22
-39.28098,-72.09315,0.0,2026-08-22
-39.28098,-72.08973,0.0006,2026-08-22
-39.28098,-72.0863,0.0,2026-08-22
-39.28098,-72.08288,0.0,2026-08-22
-39.28098,-72.07945,0.0006,2026-08-22
-39.28098,-72.07603,0.0,2026-08-22
-39.28098,-72.0726,0.0,2026-08-22
-39.28098,-72.06918,0.0,2026-08-22
-39.28098,-72.06575,0.0,2026-08-22
-39.28098,-72.06233,0.0,2026-08-22
-39.28098,-72.0589,0.0,2026-08-22
-39.28098,-72.05548,0.0,2026-08-22
-39.28098,-72.05205,0.0,2026-08-22
-39.28098,-72.04863,0.0,2026-08-22
-39.28098,-72.04521,0.0,2026-08-22
-39.28098,-72.04178,0.0,2026-08-22
-39.28098,-72.03836,0.0,2026-08-22
-39.28098,-72.03493,0.0,2026-08-22
-39.28098,-72.03151,0.00058,2026-08-22
-39.28098,-72.02808,0.0,2026-08-22
-39.28098,-72.02466,0.0012,2026-08-22
-39.28098,-72.02123,0.0001,2026-08-22
-39.28098,-72.01781,0.0005,2026-08-22
-39.28098,-72.01438,0.0,2026-08-22
-39.28098,-72.01096,0.0002,2026-08-22
-39.28098,-72.00753,0.0,2026-08-22
-39.28098,-72.00411,-9e-05,2026-08-22
-39.28098,-72.00068,0.0,2026-08-22
-39.28098,-71.99726,0.0,2026-08-22
-39.28098,-71.99384,-7e-05,2026-08-22
-39.28098,-71.99041,-0.01306,2026-08-22
-39.28387,-72.21986,-0.00084,2026-08-22
-39.28387,-72.21644,0.0,2026-08-22
-39.28387,-72.21301,0.0,2026-08-22
-39.28387,-72.20959,0.0,2026-08-22
-39.28387,-72.20616,0.0,2026-08-22
-39.28387,-72.20274,-7e-05,2026-08-22
-39.28387,-72.19932,-7e-05,2026-08-22
-39.28387,-72.19589,0.0,2026-08-22
-39.28387,-72.19247,-6e-05,2026-08-22
-39.28387,-72.18904,4e-05,2026-08-22
-39.28387,-72.18562,0.0,2026-08-22
-39.28387,-72.18219,0.0,2026-08-22
-39.28387,-72.17877,0.0,2026-08-22
-39.28387,-72.17534,0.0,2026-08-22
-39.28387,-72.17192,0.0,2026-08-22
-39.28387,-72.16849,0.0,2026-08-22
-39.28387,-72.16507,0.0,2026-08-22
-39.28387,-72.16164,-0.00089,2026-08-22
-39.28387,-72.15822,-0.00015,2026-08-22
-39.28387,-72.15479,-6e-05,2026-08-22
-39.28387,-72.15137,0.0005,2026-08-22
-39.28387,-72.14795,0.0,2026-08-22
-39.28387,-72.14452,0.0003,2026-08-22
-39.28387,-72.1411,0.0008,2026-08-22
-39.28387,-72.13767,0.00098,2026-08-22
-39.28387,-72.13425,0.0005,2026-08-22
-39.28387,-72.13082,0.00138,2026-08-22
-39.28387,-72.1274,0.0,2026-08-22
-39.28387,-72.12397,0.0005,2026-08-22
-39.28387,-72.12055,0.0005,2026-08-22
-39.28387,-72.11712,0.00081,2026-08-22
-39.28387,-72.1137,0.0002,2026-08-22
-39.28387,-72.11027,0.0,2026-08-22
-39.28387,-72.10685,-2e-05,2026-08-22
-39.28387,-72.10342,0.0001,2026-08-22
-39.28387,-72.1,0.0,2026-08-22
-39.28387,-72.09658,0.0,2026-08-22
-39.28387,-72.09315,0.0004,2026-08-22
-39.28387,-72.08973,-6e-05,2026-08-22
-39.28387,-72.0863,0.002,2026-08-22
-39.28387,-72.08288,0.0,2026-08-22
-39.28387,-72.07945,0.0008,2026-08-22
-39.28387,-72.07603,0.0,2026-08-22
-39.28387,-72.0726,0.0,2026-08-22
-39.28387,-72.06918,0.0,2026-08-22
-39.28387,-72.06575,0.0003,2026-08-22
-39.28387,-72.06233,0.0,2026-08-22
-39.28387,-72.0589,-4e-05,2026-08-22
-39.28387,-72.05548,0.0,2026-08-22
-39.28387,-72.05205,0.0,2026-08-22
-39.28387,-72.04863,0.0007,2026-08-22
-39.28387,-72.04521,0.0002,2026-08-22
-39.28387,-72.04178,0.0,2026-08-22
-39.28387,-72.03836,0.0,2026-08-22
-39.28387,-72.03493,0.0001,2026-08-22
-39.28387,-72.03151,0.0013,2026-08-22
-39.28387,-72.02808,0.0011,2026-08-22
-39.28387,-72.02466,0.0,2026-08-22
-39.28387,-72.02123,0.0007,2026-08-22
-39.28387,-72.01781,0.001,2026-08-22
-39.28387,-72.01438,0.0,2026-08-22
-39.28387,-72.01096,0.0,2026-08-22
-39.28387,-72.00753,0.0,2026-08-22
-39.28387,-72.00411,0.0,2026-08-22
-39.28387,-72.00068,0.0,2026-08-22
-39.28387,-71.99726,-6e-05,2026-08-22
-39.28676,-72.21986,-0.00153,2026-08-22
-39.28676,-72.21644,-2e-05,2026-08-22
-39.28676,-72.21301,0.0,2026-08-22
-39.28676,-72.20959,0.0,2026-08-22
-39.28676,-72.20616,-4e-05,2026-08-22
-39.28676,-72.20274,-0.00015,2026-08-22
-39.28676,-72.19932,-0.00209,2026-08-22
-39.28676,-72.19589,-0.00015,2026-08-22
-39.28676,-72.19247,0.0,2026-08-22
-39.28676,-72.18904,0.0,2026-08-22
-39.28676,-72.18562,-2e-05,2026-08-22
-39.28676,-72.18219,0.0,2026-08-22
-39.28676,-72.17877,0.0,2026-08-22
-39.28676,-72.17534,0.0,2026-08-22
-39.28676,-72.17192,-0.00037,2026-08-22
-39.28676,-72.16849,1e-05,2026-08-22
-39.28676,-72.16507,0.00024,2026-08-22
-39.28676,-72.16164,0.00081,2026-08-22
-39.28676,-72.15822,-0.00024,2026-08-22
-39.28676,-72.15479,0.0,2026-08-22
-39.28676,-72.15137,-4e-05,2026-08-22
-39.28676,-72.14795,0.0,2026-08-22
-39.28676,-72.14452,0.00023,2026-08-22
-39.28676,-72.1411,0.0005,2026-08-22
-39.28676,-72.13767,0.0006,2026-08-22
-39.28676,-72.13425,0.0013,2026-08-22
-39.28676,-72.13082,0.0006,2026-08-22
-39.28676,-72.1274,-0.00019,2026-08-22
-39.28676,-72.12397,0.0,2026-08-22
-39.28676,-72.12055,-2e-05,2026-08-22
-39.28676,-72.11712,0.0,2026-08-22
-39.28676,-72.1137,0.0,2026-08-22
-39.28676,-72.11027,-6e-05,2026-08-22
-39.28676,-72.10685,0.0,2026-08-22
-39.28676,-72.10342,0.0001,2026-08-22
-39.28676,-72.1,-6e-05,2026-08-22
-39.28676,-72.09658,0.0,2026-08-22
-39.28676,-72.09315,0.0,2026-08-22
-39.28676,-72.08973,0.0007,2026-08-22
-39.28676,-72.0863,-7e-05,2026-08-22
-39.28676,-72.08288,0.0,2026-08-22
-39.28676,-72.07945,0.0,2026-08-22
-39.28676,-72.07603,0.0006,2026-08-22
-39.28676,-72.0726,0.0,2026-08-22
-39.28676,-72.06918,0.0,2026-08-22
-39.28676,-72.06575,0.0002,2026-08-22
-39.28676,-72.06233,0.0,2026-08-22
-39.28676,-72.0589,0.0001,2026-08-22
-39.28676,-72.05548,-7e-05,2026-08-22
-39.28676,-72.05205,0.00036,2026-08-22
-39.28676,-72.04863,0.0,2026-08-22
-39.28676,-72.04521,0.0004,2026-08-22
-39.28676,-72.04178,0.0,2026-08-22
-39.28676,-72.03836,0.0003,2026-08-22
-39.28676,-72.03493,0.0006,2026-08-22
-39.28676,-72.03151,-4e-05,2026-08-22
-39.28676,-72.02808,0.0001,2026-08-22
-39.28676,-72.02466,-2e-05,2026-08-22
-39.28676,-72.02123,0.0004,2026-08-22
-39.28676,-72.01781,0.0,2026-08-22
-39.28676,-72.01438,0.0,2026-08-22
-39.28676,-72.01096,-7e-05,2026-08-22
-39.28676,-72.00753,0.0,2026-08-22
-39.28676,-72.00411,-0.00026,2026-08-22
-39.28676,-72.00068,-0.00017,2026-08-22
-39.28965,-72.21644,-0.00037,2026-08-22
-39.28965,-72.21301,-0.00013,2026-08-22
-39.28965,-72.20959,-0.0006,2026-08-22
-39.28965,-72.19589,-0.00022,2026-08-22
-39.28965,-72.19247,-0.00032,2026-08-22
-39.28965,-72.18904,-0.00017,2026-08-22
-39.28965,-72.18562,0.00159,2026-08-22
-39.28965,-72.18219,-0.00034,2026-08-22
-39.28965,-72.17877,-0.00036,2026-08-22
-39.28965,-72.17534,0.00058,2026-08-22
-39.28965,-72.15479,-0.00036,2026-08-22
-39.28965,-72.15137,0.0,2026-08-22
-39.28965,-72.14795,0.0,2026-08-22
-39.28965,-72.14452,-2e-05,2026-08-22
-39.28965,-72.1411,0.0,2026-08-22
-39.28965,-72.13767,0.0,2026-08-22
-39.28965,-72.13425,-0.00011,2026-08-22
-39.28965,-72.13082,0.0,2026-08-22
-39.28965,-72.1274,0.00103,2026-08-22
-39.28965,-72.12397,0.0,2026-08-22
-39.28965,-72.12055,0.0007,2026-08-22
-39.28965,-72.11712,-2e-05,2026-08-22
-39.28965,-72.1137,-6e-05,2026-08-22
-39.28965,-72.11027,0.0,2026-08-22
-39.28965,-72.10685,0.0,2026-08-22
-39.28965,-72.10342,-7e-05,2026-08-22
-39.28965,-72.1,-0.00015,2026-08-22
-39.28965,-72.09658,6e-05,2026-08-22
-39.28965,-72.09315,0.0,2026-08-22
-39.28965,-72.08973,-7e-05,2026-08-22
-39.28965,-72.0863,0.0,2026-08-22
-39.28965,-72.08288,0.0002,2026-08-22
-39.28965,-72.07945,0.0,2026-08-22
-39.28965,-72.07603,0.0,2026-08-22
-39.28965,-72.0726,0.0005,2026-08-22
-39.28965,-72.06918,0.0,2026-08-22
-39.28965,-72.06575,0.0008,2026-08-22
-39.28965,-72.06233,0.0,2026-08-22
-39.28965,-72.0589,-2e-05,2026-08-22
-39.28965,-72.05548,0.0009,2026-08-22
-39.28965,-72.05205,0.0002,2026-08-22
-39.28965,-72.04863,0.0,2026-08-22
-39.28965,-72.04521,0.0005,2026-08-22
-39.28965,-72.04178,0.0,2026-08-22
-39.28965,-72.03836,0.00068,2026-08-22
-39.28965,-72.03493,0.0002,2026-08-22
-39.28965,-72.03151,0.00042,2026-08-22
-39.28965,-72.02808,0.00011,2026-08-22
-39.28965,-72.02466,0.0002,2026-08-22
-39.28965,-72.02123,0.0002,2026-08-22
-39.28965,-72.01781,0.0,2026-08-22
-39.28965,-72.01438,0.0,2026-08-22
-39.28965,-72.01096,0.0,2026-08-22
-39.28965,-72.00753,-0.00041,2026-08-22
-39.29254,-72.15137,0.05979,2026-08-22
-39.29254,-72.14795,-0.00433,2026-08-22
-39.29254,-72.14452,-6e-05,2026-08-22
-39.29254,-72.1411,-6e-05,2026-08-22
-39.29254,-72.13767,0.0,2026-08-22
-39.29254,-72.13425,-0.00015,2026-08-22
-39.29254,-72.13082,0.0,2026-08-22
-39.29254,-72.1274,-2e-05,2026-08-22
-39.29254,-72.12397,0.0,2026-08-22
-39.29254,-72.12055,0.0,2026-08-22
-39.29254,-72.11712,0.0,2026-08-22
-39.29254,-72.1137,-2e-05,2026-08-22
-39.29254,-72.11027,0.0,2026-08-22
-39.29254,-72.10342,0.00057,2026-08-22
-39.29254,-72.1,0.00059,2026-08-22
-39.29254,-72.09658,-4e-05,2026-08-22
-39.29254,-72.09315,0.0,2026-08-22
-39.29254,-72.08973,-0.00013,2026-08-22
-39.29254,-72.0863,0.0,2026-08-22
-39.29254,-72.08288,-7e-05,2026-08-22
-39.29254,-72.07945,0.001,2026-08-22
-39.29254,-72.07603,-2e-05,2026-08-22
-39.29254,-72.0726,0.0,2026-08-22
-39.29254,-72.06918,0.0,2026-08-22
-39.29254,-72.06575,0.0,2026-08-22
-39.29254,-72.06233,0.0,2026-08-22
-39.29254,-72.0589,0.0,2026-08-22
-39.29254,-72.05548,0.0,2026-08-22
-39.29254,-72.05205,0.0,2026-08-22
-39.29254,-72.04863,0.0018,2026-08-22
-39.29254,-72.04521,-2e-05,2026-08-22
-39.29254,-72.04178,0.0,2026-08-22
-39.29254,-72.03836,0.0,2026-08-22
-39.29254,-72.03493,0.0005,2026-08-22
-39.29254,-72.03151,0.00063,2026-08-22
-39.29254,-72.02808,0.0,2026-08-22
-39.29254,-72.02466,0.0003,2026-08-22
-39.29254,-72.02123,0.0,2026-08-22
-39.29254,-72.01781,0.0,2026-08-22
-39.29254,-72.01438,0.0,2026-08-22
-39.29254,-72.01096,-0.00032,2026-08-22
-39.29544,-72.1411,-0.00897,2026-08-22
-39.29544,-72.13767,0.04214,2026-08-22
-39.29544,-72.13425,-0.00074,2026-08-22
-39.29544,-72.13082,-0.00015,2026-08-22
-39.29544,-72.1274,-0.00011,2026-08-22
-39.29544,-72.12397,0.0,2026-08-22
-39.29544,-72.12055,0.0,2026-08-22
-39.29544,-72.11712,-6e-05,2026-08-22
-39.29544,-72.1137,-0.00017,2026-08-22
-39.29544,-72.11027,-0.00019,2026-08-22
-39.29544,-72.09658,-7e-05,2026-08-22
-39.29544,-72.09315,0.0,2026-08-22
-39.29544,-72.08973,0.0,2026-08-22
-39.29544,-72.0863,-4e-05,2026-08-22
-39.29544,-72.08288,0.0,2026-08-22
-39.29544,-72.07945,-6e-05,2026-08-22
-39.29544,-72.07603,0.0,2026-08-22
-39.29544,-72.0726,0.0,2026-08-22
-39.29544,-72.06918,0.0,2026-08-22
-39.29544,-72.06575,0.0,2026-08-22
-39.29544,-72.06233,-0.00028,2026-08-22
-39.29544,-72.0589,0.0,2026-08-22
-39.29544,-72.05548,-4e-05,2026-08-22
-39.29544,-72.05205,-0.00015,2026-08-22
-39.29544,-72.04863,0.0,2026-08-22
-39.29544,-72.04521,0.0003,2026-08-22
-39.29544,-72.04178,0.0004,2026-08-22
-39.29544,-72.03836,6e-05,2026-08-22
-39.29544,-72.03493,0.0001,2026-08-22
-39.29544,-72.03151,0.00014,2026-08-22
-39.29544,-72.02808,0.0,2026-08-22
-39.29544,-72.02466,0.0,2026-08-22
-39.29544,-72.02123,0.0,2026-08-22
-39.29544,-72.01781,-6e-05,2026-08-22
-39.29544,-72.01438,-0.01263,2026-08-22
-39.29833,-72.1274,-0.00502,2026-08-22
-39.29833,-72.12397,-0.00036,2026-08-22
-39.29833,-72.12055,-0.00021,2026-08-22
-39.29833,-72.11712,-0.00054,2026-08-22
-39.29833,-72.09315,0.0,2026-08-22
-39.29833,-72.08973,0.0,2026-08-22
-39.29833,-72.0863,0.0,2026-08-22
-39.29833,-72.08288,-6e-05,2026-08-22
-39.29833,-72.07945,0.0,2026-08-22
-39.29833,-72.07603,0.0,2026-08-22
-39.29833,-72.0726,-0.00015,2026-08-22
-39.29833,-72.06918,-1e-05,2026-08-22
-39.29833,-72.06575,0.0,2026-08-22
-39.29833,-72.06233,0.0,2026-08-22
-39.29833,-72.0589,0.0,2026-08-22
-39.29833,-72.05548,0.0,2026-08-22
-39.29833,-72.05205,0.0,2026-08-22
-39.29833,-72.04863,0.0,2026-08-22
-39.29833,-72.04521,-2e-05,2026-08-22
-39.29833,-72.04178,-0.00011,2026-08-22
-39.29833,-72.03836,-0.00028,2026-08-22
-39.29833,-72.03493,0.0,2026-08-22
-39.29833,-72.03151,-0.00021,2026-08-22
-39.29833,-72.02808,0.0,2026-08-22
-39.29833,-72.02466,-0.00019,2026-08-22
-39.29833,-72.02123,0.0003,2026-08-22
-39.30122,-72.12397,0.06546,2026-08-22
-39.30122,-72.08288,-6e-05,2026-08-22
-39.30122,-72.07945,-7e-05,2026-08-22
-39.30122,-72.07603,-0.00029,2026-08-22
-39.30122,-72.0726,-0.00622,2026-08-22
-39.30122,-72.06918,0.0461,2026-08-22
-39.30122,-72.06575,-0.00167,2026-08-22
-39.30122,-72.06233,-0.0003,2026-08-22
-39.30122,-72.0589,-9e-05,2026-08-22
-39.30122,-72.05548,0.0,2026-08-22
-39.30122,-72.05205,0.0,2026-08-22
-39.30122,-72.04863,-2e-05,2026-08-22
-39.30122,-72.04521,-0.00024,2026-08-22
-39.30122,-72.04178,-0.00021,2026-08-22
-39.30122,-72.03836,-0.00036,2026-08-22
-39.30122,-72.03493,-0.00056,2026-08-22
-39.30122,-72.03151,-0.00049,2026-08-22
-39.30122,-72.02808,-0.02194,2026-08-22
-39.30411,-72.0589,-0.00019,2026-08-22
-39.30411,-72.05548,-0.00017,2026-08-22
-39.30411,-72.05205,-0.00041,2026-08-22
-39.30701,-72.18219,-0.00101,2026-08-22
-39.30701,-72.17877,-0.00076,2026-08-22
