station_id,anchor_date,target_date,horizon_days,fai_q10,fai_q50,fai_q90,n_pixels,alert_threshold
pucon,2025-11-25,2025-12-03,8,-0.002311888189135725,0.0004312341783069558,0.002148634240419679,25,0.00381
norte,2025-11-25,2025-12-03,8,-0.0018775389679768623,0.0009397619794990212,0.003072943543331391,25,0.00381
tolten,2025-11-25,2025-12-03,8,-0.002651802690208953,-0.0005002366466472833,0.0013154260180324561,25,0.00381
sur,2025-11-25,2025-12-03,8,-0.0016936101071503057,0.0009326638171695739,0.0028674067477117665,25,0.00381
lake,2025-11-25,2025-12-03,8,-0.002351068221078384,0.0001879968799477885,0.0020231897650014037,386,0.00381
pucon,2025-12-18,2025-12-25,7,-0.004715787497338996,-0.0002042716175931121,0.0024449046308420456,25,0.00381
norte,2025-12-18,2025-12-25,7,-0.0013337989309607165,0.0010397159182414174,0.002804416606538913,25,0.00381
tolten,2025-12-18,2025-12-25,7,-0.004056064232117296,-0.0008040915791524907,0.001974991509581351,25,0.00381
sur,2025-12-18,2025-12-25,7,-0.0038271702237399085,0.0005518640306021897,0.003211830884937051,25,0.00381
lake,2025-12-18,2025-12-25,7,-0.0018261712959118284,0.00043133369941500735,0.002186466779914587,1768,0.00381
pucon,2025-12-25,2026-01-02,8,-0.004796151732508982,0.001387554131167124,0.004214396606025876,25,0.00381
norte,2025-12-25,2026-01-02,8,-0.0013843636040789093,0.0013328949913007308,0.002895395645035994,25,0.00381
tolten,2025-12-25,2026-01-02,8,-0.00398587042141073,-0.0007527527901689505,0.0021468810955680637,25,0.00381
sur,2025-12-25,2026-01-02,8,-0.0037029397142328475,0.0009021520648723383,0.003310294935759035,25,0.00381
lake,2025-12-25,2026-01-02,8,-0.0018463384315072478,0.0006480811232848539,0.0022881481957275763,1771,0.00381
pucon,2025-12-28,2026-01-04,7,-0.004838442880922788,0.0009021832009705055,0.0036085801119804207,25,0.00381
norte,2025-12-28,2026-01-04,7,-0.0014072301603098786,0.0010289422346487827,0.002539057472451726,25,0.00381
tolten,2025-12-28,2026-01-04,7,-0.004402026324770824,-0.0011958341113724117,0.0016992212747442123,25,0.00381
sur,2025-12-28,2026-01-04,7,-0.004069112073869642,0.0005492678132492061,0.0031105119524821034,25,0.00381
lake,2025-12-28,2026-01-04,7,-0.0020876574080646707,0.00041942123749525947,0.002104024088488997,1837,0.00381
pucon,2025-12-30,2026-01-07,8,-0.005097691287051946,0.0010073540317933672,0.0037093384876811923,25,0.00381
norte,2025-12-30,2026-01-07,8,-0.0014731516717505174,0.00101897883957959,0.0025357077059910897,25,0.00381
tolten,2025-12-30,2026-01-07,8,-0.004808641870626372,-0.0015063445271050703,0.0013349967223302435,25,0.00381
sur,2025-12-30,2026-01-07,8,-0.00403857029739045,0.00040271060796160475,0.0028612319592180137,25,0.00381
lake,2025-12-30,2026-01-07,8,-0.0022761244733453916,0.0002894024002171145,0.001962069999181463,1843,0.00381
pucon,2026-01-02,2026-01-09,7,-0.0046456897912938834,0.0007577330037303944,0.003563530252053473,25,0.00381
norte,2026-01-02,2026-01-09,7,-0.0012501739252936028,0.0008912190568867408,0.0022845843596808937,25,0.00381
tolten,2026-01-02,2026-01-09,7,-0.0046557274170758,-0.0014819094329252287,0.0013251760729488895,25,0.00381
sur,2026-01-02,2026-01-09,7,-0.004523193856916226,0.002027336602477047,0.007828967408277583,25,0.00381
lake,2026-01-02,2026-01-09,7,-0.0021267685089380543,0.0002606081616180401,0.0019323411233672966,1841,0.00381
pucon,2026-01-04,2026-01-11,7,-0.005178135860114775,-0.0004050458013356055,0.002802175411047525,25,0.00381
norte,2026-01-04,2026-01-11,7,-0.0010654243361935543,0.0005494559611188901,0.001873248283542813,25,0.00381
tolten,2026-01-04,2026-01-11,7,-0.004814370270830677,-0.001251872671446777,0.001412525989321306,25,0.00381
sur,2026-01-04,2026-01-11,7,-0.004716443550400117,0.001483758356582559,0.006758562523852099,25,0.00381
lake,2026-01-04,2026-01-11,7,-0.002163180671567739,5.024301051576111e-05,0.0016767371524829282,1844,0.00381
pucon,2026-01-09,2026-01-17,8,-0.005646210280391,0.00043663402543331424,0.0033108313537415666,25,0.00381
norte,2026-01-09,2026-01-17,8,-0.0010099033856109554,0.0008006339627955882,0.00204193342006965,25,0.00381
tolten,2026-01-09,2026-01-17,8,-0.004633841603481762,-0.0014526420815510672,0.0009611300319648351,25,0.00381
sur,2026-01-09,2026-01-17,8,-0.004357417932319009,0.0013440612627211794,0.005837224139134403,25,0.00381
lake,2026-01-09,2026-01-17,8,-0.002151351254547278,0.00016308213120536948,0.0017169286905340901,1838,0.00381
pucon,2026-01-11,2026-01-17,6,-0.004090133312019562,0.0012822666010975452,0.0048269857779995005,25,0.00381
norte,2026-01-11,2026-01-17,6,-0.0008380630333543749,0.0010712726327068564,0.002499892372034684,25,0.00381
tolten,2026-01-11,2026-01-17,6,-0.00476080449337337,-0.0018462130145026996,0.0015145343368061187,25,0.00381
sur,2026-01-11,2026-01-17,6,-0.003969314068818722,0.0030395993962787794,0.009246641878613862,25,0.00381
lake,2026-01-11,2026-01-17,6,-0.001960113148239859,0.00042905928846685904,0.0023288538082169726,1845,0.00381
pucon,2026-01-17,2026-01-22,5,-0.004754472596519877,0.00036578374594410624,0.003505249779508615,25,0.00381
norte,2026-01-17,2026-01-22,5,-0.0012131660094778132,0.0003968012942554175,0.0017385494999565792,25,0.00381
tolten,2026-01-17,2026-01-22,5,-0.004933377449851196,-0.0017929829983734798,0.0012387175475835667,25,0.00381
sur,2026-01-17,2026-01-22,5,-0.004691407799875541,0.002895623167103174,0.009166383227497963,25,0.00381
lake,2026-01-17,2026-01-22,5,-0.0023350800615760943,-0.00015498286287993972,0.001616581001207277,1838,0.00381
pucon,2026-01-19,2026-01-24,5,-0.0017850696551936001,-0.00021541857208698438,0.001401387174282815,25,0.00381
norte,2026-01-19,2026-01-24,5,-0.001476434932821558,1.7672716492074617e-05,0.0015455340303676408,25,0.00381
tolten,2026-01-19,2026-01-24,5,-0.0024857808245407477,-0.0003730669264061685,0.001455029609883687,25,0.00381
sur,2026-01-19,2026-01-24,5,-0.001908516722539656,-0.00035957093382256965,0.0010980608412779855,25,0.00381
lake,2026-01-19,2026-01-24,5,-0.0029322881816892135,-0.0008779122578250741,0.0008308818967534338,224,0.00381
pucon,2026-01-22,2026-01-29,7,-0.004669834411469082,0.0003302122003607469,0.003214779594843249,25,0.00381
norte,2026-01-22,2026-01-29,7,-0.0005458959881881286,0.0006341479140903862,0.0016589215096869472,25,0.00381
tolten,2026-01-22,2026-01-29,7,-0.003445800019705,-0.0009636383160705747,0.0016280819796857555,25,0.00381
sur,2026-01-22,2026-01-29,7,-0.003619308476697075,0.002274400689757554,0.0052347323888864,25,0.00381
lake,2026-01-22,2026-01-29,7,-0.0016313196080660981,0.00011681329618703815,0.00145172976692329,1839,0.00381
pucon,2026-01-24,2026-02-01,8,-0.003665974530383997,0.0006548088451175972,0.0032492494781124885,25,0.00381
norte,2026-01-24,2026-02-01,8,-0.003833709032268769,0.0008524744291867288,0.003636562107094534,25,0.00381
tolten,2026-01-24,2026-02-01,8,-0.0035793594756731457,0.0004954621346792419,0.003078761078421622,25,0.00381
sur,2026-01-24,2026-02-01,8,-0.003900417295468871,0.00043815252505881064,0.0030464807098650754,25,0.00381
lake,2026-01-24,2026-02-01,8,-0.0033078990215049476,-7.323074970781359e-05,0.001971645462965071,224,0.00381
pucon,2026-01-29,2026-02-06,8,-0.005376183818946386,-0.0004667255018936356,0.0025843436298235516,25,0.00381
norte,2026-01-29,2026-02-06,8,-0.0011416507555519096,0.00012816473995453759,0.001488343101534037,25,0.00381
tolten,2026-01-29,2026-02-06,8,-0.004837774774402723,-0.0016285405043255962,0.0013838161214999808,25,0.00381
sur,2026-01-29,2026-02-06,8,-0.004234646173712156,0.001517935910013962,0.004530242315291718,25,0.00381
lake,2026-01-29,2026-02-06,8,-0.0025820548540038263,-0.000573352447060984,0.0011332646884808033,1841,0.00381
pucon,2026-02-01,2026-02-06,5,-0.004209867594940357,-0.0003167031629063184,0.002525393413572802,25,0.00381
norte,2026-02-01,2026-02-06,5,-0.0008617770932045636,0.00015716939832758364,0.001335500240960813,25,0.00381
tolten,2026-02-01,2026-02-06,5,-0.0035705473413635267,-0.0010330928477542097,0.002226719357198224,25,0.00381
sur,2026-02-01,2026-02-06,5,-0.0039905609126273415,0.0028467618158096644,0.008435755525708577,25,0.00381
lake,2026-02-01,2026-02-06,5,-0.0021071695897859144,-0.00033267108705199017,0.001252450329126135,1842,0.00381
pucon,2026-02-06,2026-02-13,7,-0.003987715960083602,0.00012511673815765456,0.0027551081789658678,25,0.00381
norte,2026-02-06,2026-02-13,7,-0.0005224690828032832,0.0005170028017429802,0.0014658629024826028,25,0.00381
tolten,2026-02-06,2026-02-13,7,-0.002653972501894446,-0.0007049628982521868,0.0023075342938532533,25,0.00381
sur,2026-02-06,2026-02-13,7,-0.0032297850560539898,0.0019008723804403676,0.006203971705064138,25,0.00381
lake,2026-02-06,2026-02-13,7,-0.0016619456489286488,-2.6863775864656636e-06,0.0013017256543349247,1841,0.00381
pucon,2026-02-13,2026-02-21,8,-0.004460602008695141,-0.00014535191222212536,0.0026803804076977284,25,0.00381
norte,2026-02-13,2026-02-21,8,-0.000527029825977777,0.0006594694641298217,0.001560253233115193,25,0.00381
tolten,2026-02-13,2026-02-21,8,-0.003106375156597361,-0.0003844364448842423,0.002787776953053185,25,0.00381
sur,2026-02-13,2026-02-21,8,-0.003397138478693749,0.0023812666229522422,0.006413311160770246,25,0.00381
lake,2026-02-13,2026-02-21,8,-0.0017655862122407167,0.00011596335911574203,0.0014206010848885273,1807,0.00381
pucon,2026-02-16,2026-02-21,5,-0.003141840720293502,0.0002590130972794345,0.0027694426759956965,25,0.00381
norte,2026-02-16,2026-02-21,5,-0.0003214440984035554,0.0005655226935281042,0.00144521425817571,25,0.00381
tolten,2026-02-16,2026-02-21,5,-0.0027438037458932373,-0.0006380243134376884,0.002893451196110371,25,0.00381
sur,2026-02-16,2026-02-21,5,-0.0029183302250405546,0.002072915360735757,0.006281339657977788,25,0.00381
lake,2026-02-16,2026-02-21,5,-0.001368082492016317,0.0001052877616494901,0.001368028796728909,1808,0.00381
pucon,2026-02-21,2026-02-26,5,-0.0037611122754815656,-0.00016677572260896572,0.0023819324023912907,25,0.00381
norte,2026-02-21,2026-02-26,5,-0.0006014299389693516,0.0003927232210435938,0.0012507606778898368,25,0.00381
tolten,2026-02-21,2026-02-26,5,-0.003593637381350599,-0.0008478929828758111,0.00141179242654429,25,0.00381
sur,2026-02-21,2026-02-26,5,-0.0034686190796691086,0.0016962970064487186,0.005824711333921326,25,0.00381
lake,2026-02-21,2026-02-26,5,-0.001758884549621452,-3.0512707112095164e-05,0.0011868156825233782,1750,0.00381
pucon,2026-02-26,2026-03-05,7,-0.0036816117519070358,0.00010460930535249488,0.002684262903432014,25,0.00381
norte,2026-02-26,2026-03-05,7,-0.0002039527156634435,0.0005316533966804374,0.0012682645333964401,25,0.00381
tolten,2026-02-26,2026-03-05,7,-0.0027773505798066823,-0.0007414744460652146,0.0014006318935001604,25,0.00381
sur,2026-02-26,2026-03-05,7,-0.0027583042218053432,0.0020087085227156504,0.005803962661529332,25,0.00381
lake,2026-02-26,2026-03-05,7,-0.0015180735306736574,0.00011741933839461861,0.0013054760656054357,1425,0.00381
pucon,2026-03-05,2026-03-13,8,-0.003918444760884663,-0.0004905887621963923,0.0023356002673052593,25,0.00381
norte,2026-03-05,2026-03-13,8,-0.0005417739725667929,0.00033932349887313084,0.001222027547122505,25,0.00381
tolten,2026-03-05,2026-03-13,8,-0.002898464811143228,-0.0007622810115285408,0.002530425331687089,25,0.00381
sur,2026-03-05,2026-03-13,8,-0.002864091003214348,0.0015222079515793783,0.005515213570846242,25,0.00381
lake,2026-03-05,2026-03-13,8,-0.001846282428151439,-0.00029453926093589075,0.0010704116234155796,1483,0.00381
pucon,2026-03-08,2026-03-13,5,-0.003213791237464899,0.0004711755211851461,0.0030259266777024835,25,0.00381
norte,2026-03-08,2026-03-13,5,-0.00016236390929555297,0.0004325587878734039,0.0012249511170978554,25,0.00381
tolten,2026-03-08,2026-03-13,5,-0.0017565192494494446,0.0001315650651012299,0.003277349627340999,25,0.00381
sur,2026-03-08,2026-03-13,5,-0.0024632505756039457,0.00013071826138061696,0.0032654364087196463,25,0.00381
lake,2026-03-08,2026-03-13,5,-0.0012545567952794681,5.3624830863428595e-05,0.0011873238093845812,1784,0.00381
pucon,2026-03-25,2026-04-02,8,-0.002594405785060393,0.00035612399360567535,0.0033062716108225726,25,0.00381
norte,2026-03-25,2026-04-02,8,-7.281170430551522e-06,0.0005336647260865101,0.0013809467021534821,25,0.00381
tolten,2026-03-25,2026-04-02,8,-0.0018838037362331362,-0.0002819815215420374,0.003477617805929062,25,0.00381
sur,2026-03-25,2026-04-02,8,-0.0012165696568527619,0.0026628122103519343,0.005431674834167887,25,0.00381
lake,2026-03-25,2026-04-02,8,-0.0009378489950318862,0.00019877590893816792,0.0014743188109048117,1851,0.00381
pucon,2026-03-28,2026-04-04,7,-0.0030612555380029522,0.0002469517433787225,0.0031381601495866214,25,0.00381
norte,2026-03-28,2026-04-04,7,-0.0006011272622389796,0.0003232604539887874,0.0014815525579540648,25,0.00381
tolten,2026-03-28,2026-04-04,7,-0.002123088651353901,-0.00013688400381264883,0.0036056085579578073,25,0.00381
sur,2026-03-28,2026-04-04,7,-0.002046637193500492,0.0022195267731572477,0.006012488896674875,25,0.00381
lake,2026-03-28,2026-04-04,7,-0.0013280010086834,3.4138585433780584e-06,0.001450508666835834,1853,0.00381
pucon,2026-03-30,2026-04-04,5,-0.003970447358956055,-0.0005349999070029207,0.0018782962989771312,25,0.00381
norte,2026-03-30,2026-04-04,5,-0.0007265170039577397,0.00045222474913608285,0.0015359595678244241,25,0.00381
tolten,2026-03-30,2026-04-04,5,-0.0027094733800686454,0.00011931608406457742,0.004133725091881861,25,0.00381
sur,2026-03-30,2026-04-04,5,-0.0027663157081617516,0.0005507051590802789,0.004020844953394137,25,0.00381
lake,2026-03-30,2026-04-04,5,-0.0016999091151232379,7.278169643052778e-05,0.0014862573305198393,1845,0.00381
pucon,2026-04-02,2026-04-09,7,-0.0026724646333570936,0.00036026960295496377,0.003112428785590868,25,0.00381
norte,2026-04-02,2026-04-09,7,-0.00036996168662056946,0.000372459158982365,0.001256035556979265,25,0.00381
tolten,2026-04-02,2026-04-09,7,-0.0019303591966784333,-0.00028336254584980237,0.0035169451081858366,25,0.00381
sur,2026-04-02,2026-04-09,7,-0.00232213276090929,0.0009167040688911807,0.0028644265876320496,25,0.00381
lake,2026-04-02,2026-04-09,7,-0.0012187802579512069,9.996576585071193e-05,0.0013679694057688368,1851,0.00381
pucon,2026-04-04,2026-04-09,5,-0.0027561501387037717,-0.0006407032277289806,0.0014510871124767707,25,0.00381
norte,2026-04-04,2026-04-09,5,-0.00024157712345481387,0.00034214097470032544,0.0011861377453917703,25,0.00381
tolten,2026-04-04,2026-04-09,5,-0.0019089247970636705,-0.0005773599208378674,0.0032638696044575218,25,0.00381
sur,2026-04-04,2026-04-09,5,-0.0023236739257562417,-0.0010463237720224584,6.676233252202965e-05,25,0.00381
lake,2026-04-04,2026-04-09,5,-0.0010856090931569997,-5.394832209619824e-05,0.0010958259900803286,1845,0.00381
pucon,2026-05-09,2026-05-17,8,-0.0022663351052577183,0.00026302305304521544,0.003339475081352144,25,0.00381
norte,2026-05-09,2026-05-17,8,-0.0003148486558223869,0.0002925285051416649,0.0013994168968662793,25,0.00381
tolten,2026-05-09,2026-05-17,8,-0.0019123975645462237,-0.0006518707355794988,0.003340969137122126,25,0.00381
sur,2026-05-09,2026-05-17,8,-0.0021391068948269937,-0.001015103135871007,0.0003877217441986189,25,0.00381
lake,2026-05-09,2026-05-17,8,-0.0010408530680317135,-1.7316422068037406e-05,0.0014800255984620393,1846,0.00381
pucon,2026-05-14,2026-05-21,7,-0.00306823469600794,1.4794727187941994e-05,0.0035664330053285748,25,0.00381
norte,2026-05-14,2026-05-21,7,-0.0007531544890352032,0.00020920728387329284,0.0014927606472414845,25,0.00381
tolten,2026-05-14,2026-05-21,7,-0.00238017699561914,-0.0004993777272067578,0.003939056012009644,25,0.00381
sur,2026-05-14,2026-05-21,7,-0.00231359813509245,0.0009880172939951042,0.0033368561016895314,25,0.00381
lake,2026-05-14,2026-05-21,7,-0.0014806485963214345,2.0232258972306675e-05,0.0017586094904938534,1650,0.00381
pucon,2026-05-17,2026-05-22,5,-0.00323636629865803,-0.0007826426078954911,0.0020734341029220323,25,0.00381
norte,2026-05-17,2026-05-22,5,-0.0004459306081873407,0.00025334942755454395,0.0014254101746967321,25,0.00381
tolten,2026-05-17,2026-05-22,5,-0.002199588413885993,-0.000833177254983061,0.00328200545230996,25,0.00381
sur,2026-05-17,2026-05-22,5,-0.002354241805106852,-0.0011173028057288481,0.000349654715624409,25,0.00381
lake,2026-05-17,2026-05-22,5,-0.001201471129618746,-0.00010528235660106274,0.0015252876563604898,1849,0.00381
pucon,2026-06-08,2026-06-16,8,-0.0034933386396126974,-0.0007067760356294392,0.00199114571197647,25,0.00381
norte,2026-06-08,2026-06-16,8,-0.0010912258492206805,7.526006299839565e-05,0.0014958344304201404,25,0.00381
tolten,2026-06-08,2026-06-16,8,-0.0027262977221468167,-0.0008307174413180522,0.0032479818451885,25,0.00381
sur,2026-06-08,2026-06-16,8,-0.002110395966703366,0.0006497878954616532,0.004567443991808529,25,0.00381
lake,2026-06-08,2026-06-16,8,-0.001750003833232648,-0.00016970165137884178,0.0016222670900927023,1847,0.00381
pucon,2026-07-03,2026-07-11,8,-0.00388242295301223,-0.00022439919153956596,0.003050438786979762,25,0.00381
norte,2026-07-03,2026-07-11,8,-0.0016531694276178581,0.00022368941618730573,0.002172275955117379,25,0.00381
tolten,2026-07-03,2026-07-11,8,-0.004140746459140494,-0.0011445095382371425,0.004435254360240556,25,0.00381
sur,2026-07-03,2026-07-11,8,-0.002433406178986118,0.0007240135478231197,0.005030155363003035,25,0.00381
lake,2026-07-03,2026-07-11,8,-0.0024051840181631458,-5.6863587757257694e-05,0.0024520901026233457,1850,0.00381
pucon,2026-08-12,2026-08-17,5,-0.006891153524922853,-0.00039701886825699854,0.005441269809176189,25,0.00381
norte,2026-08-12,2026-08-17,5,-0.0027339930386449645,-0.00014870850507910338,0.002516001605455507,25,0.00381
tolten,2026-08-12,2026-08-17,5,-0.006496282745913017,-0.0008355298668167513,0.006202824316405323,25,0.00381
sur,2026-08-12,2026-08-17,5,-0.003975832365915373,0.0010407276819027317,0.0046685279764650455,25,0.00381
lake,2026-08-12,2026-08-17,5,-0.0037362795489839754,-0.00031849674019648064,0.003032963416397002,1850,0.00381
pucon,2026-08-17,2026-08-22,5,-0.0069606953972529105,-2.756717019655949e-05,0.005428483477626477,25,0.00381
norte,2026-08-17,2026-08-22,5,-0.003123266218238004,-0.0002591075857837116,0.002569636626621467,25,0.00381
tolten,2026-08-17,2026-08-22,5,-0.006925556539385191,-0.0015052569183044114,0.005587513923617325,25,0.00381
sur,2026-08-17,2026-08-22,5,-0.004561175189834429,0.0007908698660267802,0.004631595744186325,25,0.00381
lake,2026-08-17,2026-08-22,5,-0.004067515942140012,-0.00046226033323638183,0.0030402674667169296,1852,0.00381
